,DevName,Freq,RSSI,SNR,SF,BW,CR,Time,Seq,Payload,Lat,Long,Dist,alt,Prx,PL
0,ohm-02,868100000,-105,4.5,12,125,5-Apr,2018-07-03T14:40:06.052098Z,75,"Hello, GPS Coord (33.86877, 35.54335)",33.86877,35.54335,1.916298237,52,-105,125
1,ohm-02,868500000,-100,2,12,125,5-Apr,2018-07-03T14:40:16.062384Z,76,"Hello, GPS Coord (33.86877, 35.54335)",33.86877,35.54335,1.916298237,52,-100,120
2,ohm-02,868300000,-108,0.5,12,125,5-Apr,2018-07-03T14:40:26.072673Z,77,"Hello, GPS Coord (33.86877, 35.54335)",33.86877,35.54335,1.916298237,52,-108,128
3,ohm-02,868300000,-108,-0.8,12,125,5-Apr,2018-07-03T14:40:36.082956Z,78,"Hello, GPS Coord (33.86877, 35.54335)",33.86877,35.54335,1.916298237,52,-108.8,128.8
4,ohm-02,868300000,-109,-2.2,12,125,5-Apr,2018-07-03T14:40:46.09325Z,79,"Hello, GPS Coord (33.86877, 35.54335)",33.86877,35.54335,1.916298237,52,-111.2,131.2
5,ohm-02,868100000,-114,5.5,12,125,5-Apr,2018-07-03T14:40:56.103539Z,80,"Hello, GPS Coord (33.86877, 35.54335)",33.86877,35.54335,1.916298237,52,-114,134
6,ohm-02,868300000,-106,-0.2,12,125,5-Apr,2018-07-03T14:41:06.113831Z,81,"Hello, GPS Coord (33.86877, 35.54335)",33.86877,35.54335,1.916298237,52,-106.2,126.2
7,ohm-02,868300000,-105,2.8,12,125,5-Apr,2018-07-03T14:41:16.124116Z,82,"Hello, GPS Coord (33.86877, 35.54335)",33.86877,35.54335,1.916298237,52,-105,125
8,ohm-02,868500000,-113,4.2,12,125,5-Apr,2018-07-03T14:41:26.134406Z,83,"Hello, GPS Coord (33.86877, 35.54335)",33.86877,35.54335,1.916298237,52,-113,133
9,ohm-02,868500000,-106,-0.2,12,125,5-Apr,2018-07-03T14:41:36.144689Z,84,"Hello, GPS Coord (33.86877, 35.54335)",33.86877,35.54335,1.916298237,52,-106.2,126.2
10,ohm-02,868100000,-100,2.8,12,125,5-Apr,2018-07-03T14:41:46.154989Z,85,"Hello, GPS Coord (33.86877, 35.54335)",33.86877,35.54335,1.916298237,52,-100,120
11,ohm-02,868100000,-106,5.5,12,125,5-Apr,2018-07-03T14:41:56.16528Z,86,"Hello, GPS Coord (33.86877, 35.54335)",33.86877,35.54335,1.916298237,52,-106,126
12,ohm-02,868500000,-108,0.5,12,125,5-Apr,2018-07-03T14:42:06.175564Z,87,"Hello, GPS Coord (33.86877, 35.54335)",33.86877,35.54335,1.916298237,52,-108,128
13,ohm-02,868300000,-103,0.2,12,125,5-Apr,2018-07-03T14:42:16.185855Z,88,"Hello, GPS Coord (33.86877, 35.54335)",33.86877,35.54335,1.916298237,52,-103,123
14,ohm-02,868500000,-106,0.5,12,125,5-Apr,2018-07-03T14:42:26.196138Z,89,"Hello, GPS Coord (33.86877, 35.54335)",33.86877,35.54335,1.916298237,52,-106,126
15,ohm-02,868500000,-106,5.5,12,125,5-Apr,2018-07-03T14:42:36.20643Z,90,"Hello, GPS Coord (33.86877, 35.54335)",33.86877,35.54335,1.916298237,52,-106,126
16,ohm-02,868500000,-106,5,12,125,5-Apr,2018-07-03T14:42:46.216729Z,91,"Hello, GPS Coord (33.86877, 35.54335)",33.86877,35.54335,1.916298237,52,-106,126
17,ohm-02,868500000,-108,5.5,12,125,5-Apr,2018-07-03T14:42:56.227012Z,92,"Hello, GPS Coord (33.86877, 35.54335)",33.86877,35.54335,1.916298237,52,-108,128
18,ohm-02,868100000,-105,4.5,12,125,5-Apr,2018-07-03T14:43:06.237312Z,93,"Hello, GPS Coord (33.86877, 35.54335)",33.86877,35.54335,1.916298237,52,-105,125
19,ohm-02,868100000,-111,5.8,12,125,5-Apr,2018-07-03T14:43:16.247595Z,94,"Hello, GPS Coord (33.86877, 35.54335)",33.86877,35.54335,1.916298237,52,-111,131
20,ohm-02,868300000,-106,0.2,12,125,5-Apr,2018-07-03T14:43:26.257886Z,95,"Hello, GPS Coord (33.86877, 35.54335)",33.86877,35.54335,1.916298237,52,-106,126
21,ohm-02,868300000,-107,-0.8,12,125,5-Apr,2018-07-03T14:43:36.268178Z,96,"Hello, GPS Coord (33.86877, 35.54335)",33.86877,35.54335,1.916298237,52,-107.8,127.8
22,ohm-02,868100000,-112,5.2,12,125,5-Apr,2018-07-03T14:43:46.278469Z,97,"Hello, GPS Coord (33.86877, 35.54335)",33.86877,35.54335,1.916298237,52,-112,132
23,ohm-02,868300000,-109,2,12,125,5-Apr,2018-07-03T14:43:56.288752Z,98,"Hello, GPS Coord (33.86877, 35.54335)",33.86877,35.54335,1.916298237,52,-109,129
24,ohm-02,868500000,-111,5,12,125,5-Apr,2018-07-03T14:44:06.299044Z,99,"Hello, GPS Coord (33.86877, 35.54335)",33.86877,35.54335,1.916298237,52,-111,131
25,ohm-02,868500000,-116,-4.2,12,125,5-Apr,2018-07-12T15:00:24.021682Z,575,"Hello, GPS Coord (33.88685, 35.51926)",33.88685,35.51926,4.737032659,107,-120.2,140.2
26,ohm-02,868500000,-115,-4.5,12,125,5-Apr,2018-07-12T15:00:34.915999Z,576,"Hello, GPS Coord (33.88688, 35.51914)",33.88688,35.51914,4.748301204,107,-119.5,139.5
27,ohm-02,868100000,-120,-8.5,12,125,5-Apr,2018-07-12T15:00:46.026316Z,577,"Hello, GPS Coord (33.88688, 35.51914)",33.88688,35.51914,4.748301204,107,-128.5,148.5
28,ohm-02,868100000,-120,-7.8,12,125,5-Apr,2018-07-12T15:00:57.134632Z,578,"Hello, GPS Coord (33.88688, 35.51914)",33.88688,35.51914,4.748301204,107,-127.8,147.8
29,ohm-02,868300000,-117,-11.5,12,125,5-Apr,2018-07-12T15:01:08.134938Z,579,"Hello, GPS Coord (33.88688, 35.51914)",33.88688,35.51914,4.748301204,107,-128.5,148.5
30,ohm-02,868500000,-119,-3.2,12,125,5-Apr,2018-07-12T15:01:19.133253Z,580,"Hello, GPS Coord (33.88685, 35.51926)",33.88685,35.51926,4.737032659,107,-122.2,142.2
31,ohm-02,868300000,-118,-10,12,125,5-Apr,2018-07-12T15:01:30.131561Z,581,"Hello, GPS Coord (33.88685, 35.51926)",33.88685,35.51926,4.737032659,107,-128,148
32,ohm-02,868300000,-117,-9.8,12,125,5-Apr,2018-07-12T15:01:41.239878Z,582,"Hello, GPS Coord (33.88685, 35.51926)",33.88685,35.51926,4.737032659,107,-126.8,146.8
33,ohm-02,868300000,-119,-9.5,12,125,5-Apr,2018-07-12T15:01:52.348194Z,583,"Hello, GPS Coord (33.88698, 35.51921)",33.88698,35.51921,4.748241092,107,-128.5,148.5
34,ohm-02,868300000,-117,-10,12,125,5-Apr,2018-07-12T15:02:03.45651Z,584,"Hello, GPS Coord (33.88698, 35.51921)",33.88698,35.51921,4.748241092,107,-127,147
35,ohm-02,868100000,-118,-5,12,125,5-Apr,2018-07-12T15:02:14.456826Z,585,"Hello, GPS Coord (33.88698, 35.51921)",33.88698,35.51921,4.748241092,107,-123,143
36,ohm-02,868100000,-120,-4.5,12,125,5-Apr,2018-07-12T15:02:25.565142Z,586,"Hello, GPS Coord (33.88698, 35.51921)",33.88698,35.51921,4.748241092,107,-124.5,144.5
37,ohm-02,868100000,-119,-6.5,12,125,5-Apr,2018-07-12T15:02:36.675458Z,587,"Hello, GPS Coord (33.88698, 35.51921)",33.88698,35.51921,4.748241092,107,-125.5,145.5
38,ohm-02,868300000,-119,-10.2,12,125,5-Apr,2018-07-12T15:02:47.783773Z,588,"Hello, GPS Coord (33.88705, 35.51918)",33.88705,35.51918,4.754531394,107,-129.2,149.2
39,ohm-02,868300000,-114,-9.8,12,125,5-Apr,2018-07-12T15:02:58.892089Z,589,"Hello, GPS Coord (33.88705, 35.51918)",33.88705,35.51918,4.754531394,107,-123.8,143.8
40,ohm-02,868300000,-117,-11.2,12,125,5-Apr,2018-07-12T15:03:09.890397Z,590,"Hello, GPS Coord (33.88705, 35.51918)",33.88705,35.51918,4.754531394,107,-128.2,148.2
41,ohm-02,868100000,-118,-3.5,12,125,5-Apr,2018-07-12T15:03:20.998721Z,591,"Hello, GPS Coord (33.88705, 35.51918)",33.88705,35.51918,4.754531394,107,-121.5,141.5
42,ohm-02,868300000,-119,-8.5,12,125,5-Apr,2018-07-12T15:03:31.997029Z,592,"Hello, GPS Coord (33.88705, 35.51918)",33.88705,35.51918,4.754531394,107,-127.5,147.5
43,ohm-02,868500000,-113,-3.8,12,125,5-Apr,2018-07-12T15:03:42.997337Z,593,"Hello, GPS Coord (33.88699, 35.51925)",33.88699,35.51925,4.745598839,107,-116.8,136.8
44,ohm-02,868500000,-118,-4.5,12,125,5-Apr,2018-07-12T15:04:05.107968Z,595,"Hello, GPS Coord (33.88699, 35.51925)",33.88699,35.51925,4.745598839,107,-122.5,142.5
45,ohm-02,868300000,-119,-7.8,12,125,5-Apr,2018-07-12T15:04:16.220285Z,596,"Hello, GPS Coord (33.88699, 35.51925)",33.88699,35.51925,4.745598839,107,-126.8,146.8
46,ohm-02,868300000,-118,-10.2,12,125,5-Apr,2018-07-12T15:04:27.436609Z,597,"Hello, GPS Coord (33.88688, 35.51924)",33.88688,35.51924,4.740294544,107,-128.2,148.2
47,ohm-02,868500000,-116,-4,12,125,5-Apr,2018-07-12T15:04:38.544916Z,598,"Hello, GPS Coord (33.88687, 35.51931)",33.88687,35.51931,4.734138176,107,-120,140
48,ohm-02,868500000,-118,-2.5,12,125,5-Apr,2018-07-12T15:04:49.547232Z,599,"Hello, GPS Coord (33.88687, 35.51931)",33.88687,35.51931,4.734138176,107,-120.5,140.5
49,ohm-02,868500000,-114,-16.5,12,125,5-Apr,2018-07-25T09:40:51.602744Z,60,"Hello, GPS Coord (33.83931, 35.51711)",33.83931,35.51711,5.20860538,47,-130.5,150.5
50,ohm-02,868500000,-120,-15.8,12,125,5-Apr,2018-07-25T09:41:01.947036Z,61,"Hello, GPS Coord (33.83931, 35.51711)",33.83931,35.51711,5.20860538,47,-135.8,155.8
51,ohm-02,868100000,-119,-16.2,12,125,5-Apr,2018-07-25T09:41:22.53362Z,63,"Hello, GPS Coord (33.83931, 35.51711)",33.83931,35.51711,5.20860538,47,-135.2,155.2
52,ohm-02,868100000,-115,-17,12,125,5-Apr,2018-07-25T09:41:32.987912Z,64,"Hello, GPS Coord (33.83931, 35.51711)",33.83931,35.51711,5.20860538,47,-132,152
53,ohm-02,868500000,-117,-7.8,12,125,5-Apr,2018-07-25T09:41:43.332204Z,65,"Hello, GPS Coord (33.83931, 35.51711)",33.83931,35.51711,5.20860538,47,-124.8,144.8
54,ohm-02,868300000,-119,-13.2,12,125,5-Apr,2018-07-25T09:41:53.678504Z,66,"Hello, GPS Coord (33.83931, 35.51711)",33.83931,35.51711,5.20860538,47,-132.2,152.2
55,ohm-02,868100000,-115,-15.8,12,125,5-Apr,2018-07-25T09:42:04.022802Z,67,"Hello, GPS Coord (33.83931, 35.51711)",33.83931,35.51711,5.20860538,47,-130.8,150.8
56,ohm-02,868300000,-119,-8.2,12,125,5-Apr,2018-07-25T09:42:14.371095Z,68,"Hello, GPS Coord (33.83931, 35.51711)",33.83931,35.51711,5.20860538,47,-127.2,147.2
57,ohm-02,868300000,-118,-8,12,125,5-Apr,2018-07-25T09:42:24.825403Z,69,"Hello, GPS Coord (33.83931, 35.51711)",33.83931,35.51711,5.20860538,47,-126,146
58,ohm-02,868100000,-115,-13.8,12,125,5-Apr,2018-07-25T09:42:35.169703Z,70,"Hello, GPS Coord (33.83931, 35.51711)",33.83931,35.51711,5.20860538,47,-128.8,148.8
59,ohm-02,868500000,-119,-8.8,12,125,5-Apr,2018-07-25T09:42:45.517995Z,71,"Hello, GPS Coord (33.83931, 35.51711)",33.83931,35.51711,5.20860538,47,-127.8,147.8
60,ohm-02,868300000,-119,-6.5,12,125,5-Apr,2018-07-25T09:42:55.866303Z,72,"Hello, GPS Coord (33.83931, 35.51711)",33.83931,35.51711,5.20860538,47,-125.5,145.5
61,ohm-02,868300000,-119,-7.5,12,125,5-Apr,2018-07-25T09:43:06.320603Z,73,"Hello, GPS Coord (33.83931, 35.51711)",33.83931,35.51711,5.20860538,47,-126.5,146.5
62,ohm-02,868300000,-119,-7.5,12,125,5-Apr,2018-07-25T09:43:17.866935Z,74,"Hello, GPS Coord (33.83931, 35.51711)",33.83931,35.51711,5.20860538,47,-126.5,146.5
63,ohm-02,868500000,-119,-9.5,12,125,5-Apr,2018-07-25T09:43:38.449543Z,76,"Hello, GPS Coord (33.83931, 35.51711)",33.83931,35.51711,5.20860538,47,-128.5,148.5
64,ohm-02,868300000,-119,-8.8,12,125,5-Apr,2018-07-25T09:43:48.793835Z,77,"Hello, GPS Coord (33.83931, 35.51711)",33.83931,35.51711,5.20860538,47,-127.8,147.8
65,ohm-02,868500000,-119,-8,12,125,5-Apr,2018-07-25T09:44:00.230167Z,78,"Hello, GPS Coord (33.83931, 35.51711)",33.83931,35.51711,5.20860538,47,-127,147
66,ohm-02,868500000,-118,-9.5,12,125,5-Apr,2018-07-25T09:44:10.688475Z,79,"Hello, GPS Coord (33.83931, 35.51711)",33.83931,35.51711,5.20860538,47,-127.5,147.5
67,ohm-02,868300000,-105,-7.5,12,125,5-Apr,2018-07-25T10:21:21.669295Z,60,"Hello, GPS Coord (33.84862, 35.52137)",33.84862,35.52137,4.347784474,44,-112.5,132.5
68,ohm-02,868500000,-97,-13.2,12,125,5-Apr,2018-07-25T10:21:32.665612Z,61,"Hello, GPS Coord (33.84862, 35.52137)",33.84862,35.52137,4.347784474,44,-110.2,130.2
69,ohm-02,868300000,-106,-14,12,125,5-Apr,2018-07-25T10:21:43.341928Z,62,"Hello, GPS Coord (33.84858, 35.52148)",33.84858,35.52148,4.340584973,44,-120,140
70,ohm-02,868300000,-106,-16.8,12,125,5-Apr,2018-07-25T10:21:54.340252Z,63,"Hello, GPS Coord (33.84859, 35.52151)",33.84859,35.52151,4.337607183,44,-122.8,142.8
71,ohm-02,868300000,-106,-13.8,12,125,5-Apr,2018-07-25T10:22:05.228568Z,64,"Hello, GPS Coord (33.8486, 35.52152)",33.8486,35.52152,4.336290486,44,-119.8,139.8
72,ohm-02,868300000,-106,-13.2,12,125,5-Apr,2018-07-25T10:22:16.118893Z,65,"Hello, GPS Coord (33.8486, 35.52152)",33.8486,35.52152,4.336290486,44,-119.2,139.2
73,ohm-02,868300000,-106,-13.5,12,125,5-Apr,2018-07-25T10:22:27.011209Z,66,"Hello, GPS Coord (33.8486, 35.52152)",33.8486,35.52152,4.336290486,44,-119.5,139.5
74,ohm-02,868500000,-105,-11.2,12,125,5-Apr,2018-07-25T10:22:48.675848Z,68,"Hello, GPS Coord (33.8486, 35.52152)",33.8486,35.52152,4.336290486,44,-116.2,136.2
75,ohm-02,868100000,-96,-12,12,125,5-Apr,2018-07-25T10:23:10.126487Z,70,"Hello, GPS Coord (33.84862, 35.52163)",33.84862,35.52163,4.326182652,44,-108,128
76,ohm-02,868300000,-105,-11.2,12,125,5-Apr,2018-07-25T10:23:20.904804Z,71,"Hello, GPS Coord (33.84862, 35.52163)",33.84862,35.52163,4.326182652,44,-116.2,136.2
77,ohm-02,868300000,-106,-9.5,12,125,5-Apr,2018-07-25T10:23:31.465112Z,72,"Hello, GPS Coord (33.84862, 35.52163)",33.84862,35.52163,4.326182652,44,-115.5,135.5
78,ohm-02,868100000,-107,-6.8,12,125,5-Apr,2018-07-25T10:23:41.809428Z,73,"Hello, GPS Coord (33.84858, 35.52156)",33.84858,35.52156,4.33394183,44,-113.8,133.8
79,ohm-02,868500000,-105,-11.5,12,125,5-Apr,2018-07-25T10:23:52.263728Z,74,"Hello, GPS Coord (33.84858, 35.52156)",33.84858,35.52156,4.33394183,44,-116.5,136.5
80,ohm-02,868500000,-106,-10.8,12,125,5-Apr,2018-07-25T10:24:02.828036Z,75,"Hello, GPS Coord (33.84858, 35.52156)",33.84858,35.52156,4.33394183,44,-116.8,136.8
81,ohm-02,868500000,-107,-12.8,12,125,5-Apr,2018-07-25T10:24:13.390344Z,76,"Hello, GPS Coord (33.84849, 35.5216)",33.84849,35.5216,4.335016043,44,-119.8,139.8
82,ohm-02,868300000,-106,-10.2,12,125,5-Apr,2018-07-25T10:24:23.95266Z,77,"Hello, GPS Coord (33.84849, 35.5216)",33.84849,35.5216,4.335016043,44,-116.2,136.2
83,ohm-02,868300000,-105,-12,12,125,5-Apr,2018-07-25T10:24:44.975284Z,79,"Hello, GPS Coord (33.84854, 35.52155)",33.84854,35.52155,4.336721203,44,-117,137
84,ohm-02,868300000,-99,-11,12,125,5-Apr,2018-07-25T11:17:22.479637Z,60,"Hello, GPS Coord (33.85369, 35.52101)",33.85369,35.52101,4.165045509,36,-110,130
85,ohm-02,868300000,-97,-12.2,12,125,5-Apr,2018-07-25T11:17:43.502237Z,62,"Hello, GPS Coord (33.85369, 35.52101)",33.85369,35.52101,4.165045509,36,-109.2,129.2
86,ohm-02,868500000,-98,-14.8,12,125,5-Apr,2018-07-25T11:17:55.048569Z,63,"Hello, GPS Coord (33.85369, 35.52101)",33.85369,35.52101,4.165045509,36,-112.8,132.8
87,ohm-02,868300000,-97,-9,12,125,5-Apr,2018-07-25T11:18:37.307778Z,67,"Hello, GPS Coord (33.85369, 35.52101)",33.85369,35.52101,4.165045509,36,-106,126
88,ohm-02,868500000,-99,-13.5,12,125,5-Apr,2018-07-25T11:18:47.872085Z,68,"Hello, GPS Coord (33.85369, 35.52101)",33.85369,35.52101,4.165045509,36,-112.5,132.5
89,ohm-02,868100000,-93,-14.5,12,125,5-Apr,2018-07-25T11:18:58.434393Z,69,"Hello, GPS Coord (33.85369, 35.52101)",33.85369,35.52101,4.165045509,36,-107.5,127.5
90,ohm-02,868300000,-99,-8.2,12,125,5-Apr,2018-07-25T11:19:09.760718Z,70,"Hello, GPS Coord (33.85369, 35.52101)",33.85369,35.52101,4.165045509,36,-107.2,127.2
91,ohm-02,868300000,-98,-6.5,12,125,5-Apr,2018-07-25T11:19:20.327034Z,71,"Hello, GPS Coord (33.85369, 35.52101)",33.85369,35.52101,4.165045509,36,-104.5,124.5
92,ohm-02,868500000,-99,-16,12,125,5-Apr,2018-07-25T11:19:41.56565Z,73,"Hello, GPS Coord (33.85378, 35.52102)",33.85378,35.52102,4.16098585,36,-115,135
93,ohm-02,868300000,-97,-7.2,12,125,5-Apr,2018-07-25T11:19:52.237958Z,74,"Hello, GPS Coord (33.85378, 35.52102)",33.85378,35.52102,4.16098585,36,-104.2,124.2
94,ohm-02,868500000,-100,-15.5,12,125,5-Apr,2018-07-25T11:20:02.694258Z,75,"Hello, GPS Coord (33.85378, 35.52102)",33.85378,35.52102,4.16098585,36,-115.5,135.5
95,ohm-02,868300000,-97,-10,12,125,5-Apr,2018-07-25T11:20:23.714873Z,77,"Hello, GPS Coord (33.85378, 35.52102)",33.85378,35.52102,4.16098585,36,-107,127
96,ohm-02,868500000,-99,-14,12,125,5-Apr,2018-07-25T11:20:44.733489Z,79,"Hello, GPS Coord (33.85378, 35.52102)",33.85378,35.52102,4.16098585,36,-113,133
97,ohm-02,868300000,-110,-14.8,12,125,5-Apr,2018-07-25T13:26:33.417297Z,60,"Hello, GPS Coord (33.87629, 35.5075)",33.87629,35.5075,5.327466589,53,-124.8,144.8
98,ohm-02,868300000,-111,-9,12,125,5-Apr,2018-07-25T13:26:44.199613Z,61,"Hello, GPS Coord (33.87629, 35.5075)",33.87629,35.5075,5.327466589,53,-120,140
99,ohm-02,868100000,-107,-15.8,12,125,5-Apr,2018-07-25T13:26:54.981937Z,62,"Hello, GPS Coord (33.87629, 35.5075)",33.87629,35.5075,5.327466589,53,-122.8,142.8
100,ohm-02,868300000,-110,-8.5,12,125,5-Apr,2018-07-25T13:27:05.766237Z,63,"Hello, GPS Coord (33.87629, 35.5075)",33.87629,35.5075,5.327466589,53,-118.5,138.5
101,ohm-02,868500000,-118,-1.2,12,125,5-Apr,2018-07-25T13:27:16.762561Z,64,"Hello, GPS Coord (33.87629, 35.5075)",33.87629,35.5075,5.327466589,53,-119.2,139.2
102,ohm-02,868500000,-115,-9,12,125,5-Apr,2018-07-25T13:27:27.434869Z,65,"Hello, GPS Coord (33.87629, 35.5075)",33.87629,35.5075,5.327466589,53,-124,144
103,ohm-02,868300000,-114,-9,12,125,5-Apr,2018-07-25T13:27:38.737209Z,66,"Hello, GPS Coord (33.87629, 35.5075)",33.87629,35.5075,5.327466589,53,-123,143
104,ohm-02,868500000,-113,-1.2,12,125,5-Apr,2018-07-25T13:27:49.409517Z,67,"Hello, GPS Coord (33.87629, 35.5075)",33.87629,35.5075,5.327466589,53,-114.2,134.2
105,ohm-02,868300000,-109,-6.2,12,125,5-Apr,2018-07-25T13:28:00.191833Z,68,"Hello, GPS Coord (33.87629, 35.5075)",33.87629,35.5075,5.327466589,53,-115.2,135.2
106,ohm-02,868100000,-105,-12.2,12,125,5-Apr,2018-07-25T13:28:10.972149Z,69,"Hello, GPS Coord (33.87629, 35.5075)",33.87629,35.5075,5.327466589,53,-117.2,137.2
107,ohm-02,868100000,-102,-14,12,125,5-Apr,2018-07-25T13:28:21.754465Z,70,"Hello, GPS Coord (33.87629, 35.5075)",33.87629,35.5075,5.327466589,53,-116,136
108,ohm-02,868100000,-99,-16.8,12,125,5-Apr,2018-07-25T13:28:43.429106Z,72,"Hello, GPS Coord (33.87629, 35.5075)",33.87629,35.5075,5.327466589,53,-115.8,135.8
109,ohm-02,868500000,-115,-3,12,125,5-Apr,2018-07-25T13:28:54.211414Z,73,"Hello, GPS Coord (33.87629, 35.5075)",33.87629,35.5075,5.327466589,53,-118,138
110,ohm-02,868300000,-100,-16.5,12,125,5-Apr,2018-07-25T13:29:04.99573Z,74,"Hello, GPS Coord (33.87629, 35.5075)",33.87629,35.5075,5.327466589,53,-116.5,136.5
111,ohm-02,868100000,-115,-12.5,12,125,5-Apr,2018-07-25T13:29:15.886054Z,75,"Hello, GPS Coord (33.87629, 35.5075)",33.87629,35.5075,5.327466589,53,-127.5,147.5
112,ohm-02,868100000,-103,-14.5,12,125,5-Apr,2018-07-25T13:29:26.66637Z,76,"Hello, GPS Coord (33.87629, 35.5075)",33.87629,35.5075,5.327466589,53,-117.5,137.5
113,ohm-02,868500000,-117,-4,12,125,5-Apr,2018-07-25T13:29:48.428994Z,78,"Hello, GPS Coord (33.87629, 35.5075)",33.87629,35.5075,5.327466589,53,-121,141
114,ohm-02,868100000,-107,-1.2,12,125,5-Apr,2018-07-25T13:51:15.229512Z,60,"Hello, GPS Coord (33.87836, 35.50712)",33.87836,35.50712,5.41710817,53,-108.2,128.2
115,ohm-02,868100000,-103,-8.5,12,125,5-Apr,2018-07-25T13:51:26.229836Z,61,"Hello, GPS Coord (33.87836, 35.50712)",33.87836,35.50712,5.41710817,53,-111.5,131.5
116,ohm-02,868100000,-98,1,12,125,5-Apr,2018-07-25T13:51:37.22816Z,62,"Hello, GPS Coord (33.87836, 35.50712)",33.87836,35.50712,5.41710817,53,-98,118
117,ohm-02,868300000,-112,-2.8,12,125,5-Apr,2018-07-25T13:51:48.336485Z,63,"Hello, GPS Coord (33.87836, 35.50712)",33.87836,35.50712,5.41710817,53,-114.8,134.8
118,ohm-02,868100000,-107,1.2,12,125,5-Apr,2018-07-25T13:51:59.554817Z,64,"Hello, GPS Coord (33.87836, 35.50712)",33.87836,35.50712,5.41710817,53,-107,127
119,ohm-02,868500000,-106,2.2,12,125,5-Apr,2018-07-25T13:52:10.775141Z,65,"Hello, GPS Coord (33.87836, 35.50712)",33.87836,35.50712,5.41710817,53,-106,126
120,ohm-02,868300000,-105,-5.5,12,125,5-Apr,2018-07-25T13:52:22.101472Z,66,"Hello, GPS Coord (33.87836, 35.50712)",33.87836,35.50712,5.41710817,53,-110.5,130.5
121,ohm-02,868500000,-105,4.2,12,125,5-Apr,2018-07-25T13:52:33.319798Z,67,"Hello, GPS Coord (33.87836, 35.50712)",33.87836,35.50712,5.41710817,53,-105,125
122,ohm-02,868300000,-106,1.8,12,125,5-Apr,2018-07-25T13:52:44.538138Z,68,"Hello, GPS Coord (33.87836, 35.50712)",33.87836,35.50712,5.41710817,53,-106,126
123,ohm-02,868100000,-103,-0.5,12,125,5-Apr,2018-07-25T13:52:55.648462Z,69,"Hello, GPS Coord (33.87836, 35.50712)",33.87836,35.50712,5.41710817,53,-103.5,123.5
124,ohm-02,868300000,-106,0.2,12,125,5-Apr,2018-07-25T13:53:06.974802Z,70,"Hello, GPS Coord (33.87836, 35.50712)",33.87836,35.50712,5.41710817,53,-106,126
125,ohm-02,868100000,-103,-7,12,125,5-Apr,2018-07-25T13:53:18.191119Z,71,"Hello, GPS Coord (33.87836, 35.50712)",33.87836,35.50712,5.41710817,53,-110,130
126,ohm-02,868300000,-105,2,12,125,5-Apr,2018-07-25T13:53:29.411451Z,72,"Hello, GPS Coord (33.87836, 35.50712)",33.87836,35.50712,5.41710817,53,-105,125
127,ohm-02,868100000,-105,-6.2,12,125,5-Apr,2018-07-25T13:53:40.843791Z,73,"Hello, GPS Coord (33.87836, 35.50712)",33.87836,35.50712,5.41710817,53,-111.2,131.2
128,ohm-02,868300000,-105,0.5,12,125,5-Apr,2018-07-25T13:53:51.952107Z,74,"Hello, GPS Coord (33.87836, 35.50712)",33.87836,35.50712,5.41710817,53,-105,125
129,ohm-02,868100000,-103,-3.5,12,125,5-Apr,2018-07-25T13:54:03.17044Z,75,"Hello, GPS Coord (33.87836, 35.50712)",33.87836,35.50712,5.41710817,53,-106.5,126.5
130,ohm-02,868300000,-103,2.2,12,125,5-Apr,2018-07-25T13:54:14.388772Z,76,"Hello, GPS Coord (33.87836, 35.50712)",33.87836,35.50712,5.41710817,53,-103,123
131,ohm-02,868100000,-108,-0.5,12,125,5-Apr,2018-07-25T13:54:25.609104Z,77,"Hello, GPS Coord (33.87836, 35.50712)",33.87836,35.50712,5.41710817,53,-108.5,128.5
132,ohm-02,868300000,-105,2.8,12,125,5-Apr,2018-07-25T13:54:36.829428Z,78,"Hello, GPS Coord (33.87836, 35.50712)",33.87836,35.50712,5.41710817,53,-105,125
133,ohm-02,868300000,-106,-2.5,12,125,5-Apr,2018-07-25T13:54:48.155759Z,79,"Hello, GPS Coord (33.87836, 35.50712)",33.87836,35.50712,5.41710817,53,-108.5,128.5
134,ohm-02,868300000,-103,-17.5,12,125,5-Apr,2018-07-25T14:25:56.7789Z,60,"Hello, GPS Coord (33.88705, 35.5063)",33.88705,35.5063,5.814362353,63,-120.5,140.5
135,ohm-02,868500000,-102,-14,12,125,5-Apr,2018-07-25T14:26:08.215225Z,61,"Hello, GPS Coord (33.88705, 35.5063)",33.88705,35.5063,5.814362353,63,-116,136
136,ohm-02,868300000,-103,-15.5,12,125,5-Apr,2018-07-25T14:26:19.649557Z,62,"Hello, GPS Coord (33.88705, 35.5063)",33.88705,35.5063,5.814362353,63,-118.5,138.5
137,ohm-02,868500000,-105,-11.2,12,125,5-Apr,2018-07-25T14:26:29.993849Z,63,"Hello, GPS Coord (33.88705, 35.5063)",33.88705,35.5063,5.814362353,63,-116.2,136.2
138,ohm-02,868300000,-103,-14.2,12,125,5-Apr,2018-07-25T14:26:40.234149Z,64,"Hello, GPS Coord (33.88705, 35.5063)",33.88705,35.5063,5.814362353,63,-117.2,137.2
139,ohm-02,868300000,-105,-15.2,12,125,5-Apr,2018-07-25T14:27:03.324814Z,66,"Hello, GPS Coord (33.88705, 35.5063)",33.88705,35.5063,5.814362353,63,-120.2,140.2
140,ohm-02,868300000,-108,-3.8,12,125,5-Apr,2018-07-25T14:27:13.777113Z,67,"Hello, GPS Coord (33.88705, 35.5063)",33.88705,35.5063,5.814362353,63,-111.8,131.8
141,ohm-02,868300000,-109,-10.8,12,125,5-Apr,2018-07-25T14:27:24.013404Z,68,"Hello, GPS Coord (33.88705, 35.5063)",33.88705,35.5063,5.814362353,63,-119.8,139.8
142,ohm-02,868500000,-108,-13.2,12,125,5-Apr,2018-07-25T14:27:34.465705Z,69,"Hello, GPS Coord (33.88705, 35.5063)",33.88705,35.5063,5.814362353,63,-121.2,141.2
143,ohm-02,868100000,-106,-2.8,12,125,5-Apr,2018-07-25T14:27:56.772354Z,71,"Hello, GPS Coord (33.88705, 35.5063)",33.88705,35.5063,5.814362353,63,-108.8,128.8
144,ohm-02,868100000,-113,-3,12,125,5-Apr,2018-07-25T14:28:07.876678Z,72,"Hello, GPS Coord (33.88705, 35.5063)",33.88705,35.5063,5.814362353,63,-116,136
145,ohm-02,868300000,-109,-11.2,12,125,5-Apr,2018-07-25T14:28:18.982994Z,73,"Hello, GPS Coord (33.88705, 35.5063)",33.88705,35.5063,5.814362353,63,-120.2,140.2
146,ohm-02,868500000,-111,-8.5,12,125,5-Apr,2018-07-25T14:28:30.313318Z,74,"Hello, GPS Coord (33.88705, 35.5063)",33.88705,35.5063,5.814362353,63,-119.5,139.5
147,ohm-02,868300000,-107,-18,12,125,5-Apr,2018-07-25T14:28:40.661618Z,75,"Hello, GPS Coord (33.88705, 35.5063)",33.88705,35.5063,5.814362353,63,-125,145
148,ohm-02,868500000,-114,-5.8,12,125,5-Apr,2018-07-25T14:28:51.115925Z,76,"Hello, GPS Coord (33.88705, 35.5063)",33.88705,35.5063,5.814362353,63,-119.8,139.8
149,ohm-02,868500000,-107,-11.2,12,125,5-Apr,2018-07-25T14:29:02.660251Z,77,"Hello, GPS Coord (33.88705, 35.5063)",33.88705,35.5063,5.814362353,63,-118.2,138.2
150,ohm-02,868100000,-113,-2.5,12,125,5-Apr,2018-07-25T14:29:13.008558Z,78,"Hello, GPS Coord (33.88705, 35.5063)",33.88705,35.5063,5.814362353,63,-115.5,135.5
151,ohm-02,868100000,-109,-2,12,125,5-Apr,2018-07-25T14:29:23.462859Z,79,"Hello, GPS Coord (33.88705, 35.5063)",33.88705,35.5063,5.814362353,63,-111,131
152,ohm-02,868500000,-113,2.5,12,125,5-Apr,2018-07-26T03:49:00.557759Z,60,"Hello, GPS Coord (33.8863, 35.50969)",33.8863,35.50969,5.494958118,70,-113,133
153,ohm-02,868300000,-112,4,12,125,5-Apr,2018-07-26T03:49:11.342059Z,61,"Hello, GPS Coord (33.88627, 35.50978)",33.88627,35.50978,5.486016547,70,-112,132
154,ohm-02,868300000,-114,2.2,12,125,5-Apr,2018-07-26T03:49:22.018352Z,62,"Hello, GPS Coord (33.88634, 35.50969)",33.88634,35.50969,5.49681804,70,-114,134
155,ohm-02,868300000,-113,1.8,12,125,5-Apr,2018-07-26T03:49:32.798651Z,63,"Hello, GPS Coord (33.88639, 35.50966)",33.88639,35.50966,5.501661239,70,-113,133
156,ohm-02,868300000,-113,2.5,12,125,5-Apr,2018-07-26T03:49:43.578951Z,64,"Hello, GPS Coord (33.88639, 35.50966)",33.88639,35.50966,5.501661239,70,-113,133
157,ohm-02,868500000,-113,1,12,125,5-Apr,2018-07-26T03:49:55.991291Z,65,"Hello, GPS Coord (33.8863, 35.50974)",33.8863,35.50974,5.490765257,70,-113,133
158,ohm-02,868500000,-117,-0.2,12,125,5-Apr,2018-07-26T03:50:06.663591Z,66,"Hello, GPS Coord (33.88619, 35.50969)",33.88619,35.50969,5.489858667,70,-117.2,137.2
159,ohm-02,868300000,-112,2.5,12,125,5-Apr,2018-07-26T03:50:17.447891Z,67,"Hello, GPS Coord (33.88619, 35.50969)",33.88619,35.50969,5.489858667,70,-112,132
160,ohm-02,868100000,-113,4.8,12,125,5-Apr,2018-07-26T03:50:28.338199Z,68,"Hello, GPS Coord (33.88619, 35.50969)",33.88619,35.50969,5.489858667,70,-113,133
161,ohm-02,868500000,-113,-0.2,12,125,5-Apr,2018-07-26T03:50:39.122498Z,69,"Hello, GPS Coord (33.88619, 35.50969)",33.88619,35.50969,5.489858667,70,-113.2,133.2
162,ohm-02,868300000,-113,2.2,12,125,5-Apr,2018-07-26T03:50:50.012799Z,70,"Hello, GPS Coord (33.88619, 35.50969)",33.88619,35.50969,5.489858667,70,-113,133
163,ohm-02,868500000,-113,-1.2,12,125,5-Apr,2018-07-26T03:51:00.903107Z,71,"Hello, GPS Coord (33.88619, 35.50969)",33.88619,35.50969,5.489858667,70,-114.2,134.2
164,ohm-02,868500000,-117,-1,12,125,5-Apr,2018-07-26T03:51:11.793407Z,72,"Hello, GPS Coord (33.88619, 35.50969)",33.88619,35.50969,5.489858667,70,-118,138
165,ohm-02,868300000,-113,3.2,12,125,5-Apr,2018-07-26T03:51:22.575707Z,73,"Hello, GPS Coord (33.88629, 35.50975)",33.88629,35.50975,5.489461824,70,-113,133
166,ohm-02,868100000,-112,3.5,12,125,5-Apr,2018-07-26T03:51:33.360015Z,74,"Hello, GPS Coord (33.88629, 35.50975)",33.88629,35.50975,5.489461824,70,-112,132
167,ohm-02,868300000,-112,-0.5,12,125,5-Apr,2018-07-26T03:51:44.772331Z,75,"Hello, GPS Coord (33.88621, 35.50985)",33.88621,35.50985,5.477359166,70,-112.5,132.5
168,ohm-02,868500000,-115,-1.2,12,125,5-Apr,2018-07-26T03:51:55.446623Z,76,"Hello, GPS Coord (33.88621, 35.50985)",33.88621,35.50985,5.477359166,70,-116.2,136.2
169,ohm-02,868500000,-114,-2.2,12,125,5-Apr,2018-07-26T03:52:06.338931Z,77,"Hello, GPS Coord (33.88626, 35.50976)",33.88626,35.50976,5.487229364,70,-116.2,136.2
170,ohm-02,868300000,-110,2.2,12,125,5-Apr,2018-07-26T03:52:17.123239Z,78,"Hello, GPS Coord (33.88626, 35.50975)",33.88626,35.50975,5.488068112,70,-110,130
171,ohm-02,868500000,-114,-1.2,12,125,5-Apr,2018-07-26T03:52:28.013538Z,79,"Hello, GPS Coord (33.88623, 35.50977)",33.88623,35.50977,5.484998179,70,-115.2,135.2
172,ohm-02,868100000,-105,7.8,12,125,5-Apr,2018-07-26T04:20:00.338194Z,0,"Hello, GPS Coord (33.87831, 35.53744)",33.87831,35.53744,2.808826368,49,-105,125
173,ohm-02,868500000,-88,8,12,125,5-Apr,2018-07-26T04:20:11.55651Z,1,"Hello, GPS Coord (33.87822, 35.53744)",33.87822,35.53744,2.803821302,49,-88,108
174,ohm-02,868300000,-91,7.8,12,125,5-Apr,2018-07-26T04:20:22.884834Z,2,"Hello, GPS Coord (33.87822, 35.53744)",33.87822,35.53744,2.803821302,49,-91,111
175,ohm-02,868500000,-88,8.8,12,125,5-Apr,2018-07-26T04:20:34.213158Z,3,"Hello, GPS Coord (33.87822, 35.53744)",33.87822,35.53744,2.803821302,49,-88,108
176,ohm-02,868300000,-99,7.2,12,125,5-Apr,2018-07-26T04:20:45.53949Z,4,"Hello, GPS Coord (33.87822, 35.53744)",33.87822,35.53744,2.803821302,49,-99,119
177,ohm-02,868500000,-87,7.2,12,125,5-Apr,2018-07-26T04:20:56.869806Z,5,"Hello, GPS Coord (33.87822, 35.53744)",33.87822,35.53744,2.803821302,49,-87,107
178,ohm-02,868300000,-97,7.5,12,125,5-Apr,2018-07-26T04:21:08.200131Z,6,"Hello, GPS Coord (33.87822, 35.53744)",33.87822,35.53744,2.803821302,49,-97,117
179,ohm-02,868100000,-93,8.8,12,125,5-Apr,2018-07-26T04:21:18.43643Z,7,"Hello, GPS Coord (33.87822, 35.53744)",33.87822,35.53744,2.803821302,49,-93,113
180,ohm-02,868300000,-90,9.5,12,125,5-Apr,2018-07-26T04:21:29.762754Z,8,"Hello, GPS Coord (33.87822, 35.53744)",33.87822,35.53744,2.803821302,49,-90,110
181,ohm-02,868300000,-90,8.2,12,125,5-Apr,2018-07-26T04:21:40.97907Z,9,"Hello, GPS Coord (33.87831, 35.53746)",33.87831,35.53746,2.807229115,49,-90,110
182,ohm-01,868100000,-114,2.2,12,125,5-Apr,2018-08-02T03:14:30.798577Z,60,"Hello, GPS Coord (33.89027, 35.52994)",33.89027,35.52994,4.153135974,38,-114,134
183,ohm-01,868300000,-106,6.5,12,125,5-Apr,2018-08-02T03:14:41.906893Z,61,"Hello, GPS Coord (33.89027, 35.52994)",33.89027,35.52994,4.153135974,38,-106,126
184,ohm-01,868300000,-107,7,12,125,5-Apr,2018-08-02T03:14:53.015201Z,62,"Hello, GPS Coord (33.89027, 35.52994)",33.89027,35.52994,4.153135974,38,-107,127
185,ohm-01,868500000,-107,4.2,12,125,5-Apr,2018-08-02T03:15:04.229518Z,63,"Hello, GPS Coord (33.89027, 35.52994)",33.89027,35.52994,4.153135974,38,-107,127
186,ohm-01,868100000,-111,5.5,12,125,5-Apr,2018-08-02T03:15:15.121835Z,64,"Hello, GPS Coord (33.89027, 35.52994)",33.89027,35.52994,4.153135974,38,-111,131
187,ohm-01,868500000,-107,6.2,12,125,5-Apr,2018-08-02T03:15:26.230142Z,65,"Hello, GPS Coord (33.89027, 35.52994)",33.89027,35.52994,4.153135974,38,-107,127
188,ohm-01,868100000,-111,4.5,12,125,5-Apr,2018-08-02T03:15:37.762474Z,66,"Hello, GPS Coord (33.89027, 35.52994)",33.89027,35.52994,4.153135974,38,-111,131
189,ohm-01,868100000,-109,4.8,12,125,5-Apr,2018-08-02T03:15:48.656783Z,67,"Hello, GPS Coord (33.89027, 35.52994)",33.89027,35.52994,4.153135974,38,-109,129
190,ohm-01,868500000,-109,6,12,125,5-Apr,2018-08-02T03:15:59.765091Z,68,"Hello, GPS Coord (33.89027, 35.52994)",33.89027,35.52994,4.153135974,38,-109,129
191,ohm-01,868500000,-106,6.2,12,125,5-Apr,2018-08-02T03:16:10.763407Z,69,"Hello, GPS Coord (33.89027, 35.52994)",33.89027,35.52994,4.153135974,38,-106,126
192,ohm-01,868500000,-106,5.8,12,125,5-Apr,2018-08-02T03:16:21.871723Z,70,"Hello, GPS Coord (33.89027, 35.52994)",33.89027,35.52994,4.153135974,38,-106,126
193,ohm-01,868300000,-104,8,12,125,5-Apr,2018-08-02T03:16:32.980039Z,71,"Hello, GPS Coord (33.89027, 35.52994)",33.89027,35.52994,4.153135974,38,-104,124
194,ohm-01,868100000,-109,5.2,12,125,5-Apr,2018-08-02T03:16:44.088354Z,72,"Hello, GPS Coord (33.89027, 35.52994)",33.89027,35.52994,4.153135974,38,-109,129
195,ohm-01,868100000,-111,5.5,12,125,5-Apr,2018-08-02T03:16:55.086662Z,73,"Hello, GPS Coord (33.89027, 35.52994)",33.89027,35.52994,4.153135974,38,-111,131
196,ohm-01,868100000,-110,5.2,12,125,5-Apr,2018-08-02T03:17:08.043036Z,74,"Hello, GPS Coord (33.89027, 35.52994)",33.89027,35.52994,4.153135974,38,-110,130
197,ohm-01,868500000,-106,5.5,12,125,5-Apr,2018-08-02T03:17:18.937336Z,75,"Hello, GPS Coord (33.89027, 35.52994)",33.89027,35.52994,4.153135974,38,-106,126
198,ohm-01,868100000,-113,5,12,125,5-Apr,2018-08-02T03:17:30.045662Z,76,"Hello, GPS Coord (33.89027, 35.52994)",33.89027,35.52994,4.153135974,38,-113,133
199,ohm-01,868100000,-111,6,12,125,5-Apr,2018-08-02T03:17:41.04397Z,77,"Hello, GPS Coord (33.89027, 35.52994)",33.89027,35.52994,4.153135974,38,-111,131
200,ohm-01,868100000,-112,5.2,12,125,5-Apr,2018-08-02T03:17:52.152285Z,78,"Hello, GPS Coord (33.89027, 35.52994)",33.89027,35.52994,4.153135974,38,-112,132
201,ohm-01,868500000,-106,5.8,12,125,5-Apr,2018-08-02T03:18:03.154593Z,79,"Hello, GPS Coord (33.89027, 35.52994)",33.89027,35.52994,4.153135974,38,-106,126
202,ohm-01,868100000,-90,9,12,125,5-Apr,2018-08-02T03:49:39.725322Z,60,"Hello, GPS Coord (33.86932, 35.54192)",33.86932,35.54192,2.057551195,52,-90,110
203,ohm-01,868100000,-111,9.5,12,125,5-Apr,2018-08-02T03:49:50.613638Z,61,"Hello, GPS Coord (33.86932, 35.54192)",33.86932,35.54192,2.057551195,52,-111,131
204,ohm-01,868500000,-85,9,12,125,5-Apr,2018-08-02T03:50:01.285938Z,62,"Hello, GPS Coord (33.86932, 35.54192)",33.86932,35.54192,2.057551195,52,-85,105
205,ohm-01,868100000,-89,8.8,12,125,5-Apr,2018-08-02T03:50:12.068254Z,63,"Hello, GPS Coord (33.86932, 35.54192)",33.86932,35.54192,2.057551195,52,-89,109
206,ohm-01,868500000,-84,7.8,12,125,5-Apr,2018-08-02T03:50:22.850554Z,64,"Hello, GPS Coord (33.86932, 35.54192)",33.86932,35.54192,2.057551195,52,-84,104
207,ohm-01,868100000,-89,9.2,12,125,5-Apr,2018-08-02T03:50:33.72887Z,65,"Hello, GPS Coord (33.86932, 35.54192)",33.86932,35.54192,2.057551195,52,-89,109
208,ohm-01,868100000,-88,9,12,125,5-Apr,2018-08-02T03:50:44.401179Z,66,"Hello, GPS Coord (33.86932, 35.54192)",33.86932,35.54192,2.057551195,52,-88,108
209,ohm-01,868100000,-88,11,12,125,5-Apr,2018-08-02T03:50:55.183487Z,67,"Hello, GPS Coord (33.86932, 35.54192)",33.86932,35.54192,2.057551195,52,-88,108
210,ohm-01,868300000,-87,9.5,12,125,5-Apr,2018-08-02T03:51:05.965794Z,68,"Hello, GPS Coord (33.86932, 35.54192)",33.86932,35.54192,2.057551195,52,-87,107
211,ohm-01,868500000,-83,7,12,125,5-Apr,2018-08-02T03:51:16.748103Z,69,"Hello, GPS Coord (33.86932, 35.54192)",33.86932,35.54192,2.057551195,52,-83,103
212,ohm-01,868300000,-94,9.5,12,125,5-Apr,2018-08-02T03:51:27.420411Z,70,"Hello, GPS Coord (33.86932, 35.54192)",33.86932,35.54192,2.057551195,52,-94,114
213,ohm-01,868300000,-88,9,12,125,5-Apr,2018-08-02T03:51:37.98271Z,71,"Hello, GPS Coord (33.86932, 35.54192)",33.86932,35.54192,2.057551195,52,-88,108
214,ohm-01,868500000,-83,7.2,12,125,5-Apr,2018-08-02T03:51:48.545011Z,72,"Hello, GPS Coord (33.86932, 35.54192)",33.86932,35.54192,2.057551195,52,-83,103
215,ohm-01,868100000,-87,11.5,12,125,5-Apr,2018-08-02T03:51:59.107318Z,73,"Hello, GPS Coord (33.86932, 35.54192)",33.86932,35.54192,2.057551195,52,-87,107
216,ohm-01,868300000,-85,10.8,12,125,5-Apr,2018-08-02T03:52:09.669618Z,74,"Hello, GPS Coord (33.86932, 35.54192)",33.86932,35.54192,2.057551195,52,-85,105
217,ohm-01,868100000,-87,10,12,125,5-Apr,2018-08-02T03:52:20.127917Z,75,"Hello, GPS Coord (33.86932, 35.54192)",33.86932,35.54192,2.057551195,52,-87,107
218,ohm-01,868300000,-85,10.2,12,125,5-Apr,2018-08-02T03:52:30.692218Z,76,"Hello, GPS Coord (33.86932, 35.54192)",33.86932,35.54192,2.057551195,52,-85,105
219,ohm-01,868100000,-86,10.5,12,125,5-Apr,2018-08-02T03:52:41.146518Z,77,"Hello, GPS Coord (33.86932, 35.54192)",33.86932,35.54192,2.057551195,52,-86,106
220,ohm-01,868100000,-90,10.8,12,125,5-Apr,2018-08-02T03:52:52.798851Z,78,"Hello, GPS Coord (33.86932, 35.54192)",33.86932,35.54192,2.057551195,52,-90,110
221,ohm-01,868100000,-88,9.5,12,125,5-Apr,2018-08-02T03:53:03.361159Z,79,"Hello, GPS Coord (33.86932, 35.54192)",33.86932,35.54192,2.057551195,52,-88,108
222,ohm-01,868500000,-101,6.2,12,125,5-Apr,2018-08-02T04:12:45.954227Z,60,"Hello, GPS Coord (33.87018, 35.53756)",33.87018,35.53756,2.47110552,59,-101,121
223,ohm-01,868500000,-108,4.8,12,125,5-Apr,2018-08-02T04:12:57.062551Z,61,"Hello, GPS Coord (33.87018, 35.53756)",33.87018,35.53756,2.47110552,59,-108,128
224,ohm-01,868100000,-96,8.8,12,125,5-Apr,2018-08-02T04:13:08.17086Z,62,"Hello, GPS Coord (33.87018, 35.53756)",33.87018,35.53756,2.47110552,59,-96,116
225,ohm-01,868500000,-108,2.8,12,125,5-Apr,2018-08-02T04:13:19.281176Z,63,"Hello, GPS Coord (33.87018, 35.53756)",33.87018,35.53756,2.47110552,59,-108,128
226,ohm-01,868300000,-105,6.2,12,125,5-Apr,2018-08-02T04:13:30.497492Z,64,"Hello, GPS Coord (33.87018, 35.53756)",33.87018,35.53756,2.47110552,59,-105,125
227,ohm-01,868300000,-106,6.2,12,125,5-Apr,2018-08-02T04:13:41.605816Z,65,"Hello, GPS Coord (33.87018, 35.53756)",33.87018,35.53756,2.47110552,59,-106,126
228,ohm-01,868500000,-107,1.2,12,125,5-Apr,2018-08-02T04:13:52.824132Z,66,"Hello, GPS Coord (33.87018, 35.53756)",33.87018,35.53756,2.47110552,59,-107,127
229,ohm-01,868300000,-107,7.2,12,125,5-Apr,2018-08-02T04:14:03.934448Z,67,"Hello, GPS Coord (33.87018, 35.53756)",33.87018,35.53756,2.47110552,59,-107,127
230,ohm-01,868300000,-111,3.8,12,125,5-Apr,2018-08-02T04:14:15.042764Z,68,"Hello, GPS Coord (33.87009, 35.53768)",33.87009,35.53768,2.45822817,59,-111,131
231,ohm-01,868100000,-96,9,12,125,5-Apr,2018-08-02T04:14:26.259089Z,69,"Hello, GPS Coord (33.87008, 35.53767)",33.87008,35.53767,2.458909195,59,-96,116
232,ohm-01,868300000,-99,8.5,12,125,5-Apr,2018-08-02T04:14:37.367405Z,70,"Hello, GPS Coord (33.87008, 35.53767)",33.87008,35.53767,2.458909195,59,-99,119
233,ohm-01,868300000,-98,2.5,12,125,5-Apr,2018-08-02T04:14:48.475721Z,71,"Hello, GPS Coord (33.87008, 35.53767)",33.87008,35.53767,2.458909195,59,-98,118
234,ohm-01,868100000,-99,10,12,125,5-Apr,2018-08-02T04:14:59.588037Z,72,"Hello, GPS Coord (33.87017, 35.53745)",33.87017,35.53745,2.480822391,59,-99,119
235,ohm-01,868300000,-99,8.2,12,125,5-Apr,2018-08-02T04:15:10.914361Z,73,"Hello, GPS Coord (33.8702, 35.53739)",33.8702,35.53739,2.486924495,59,-99,119
236,ohm-01,868300000,-105,6.2,12,125,5-Apr,2018-08-02T04:15:22.026679Z,74,"Hello, GPS Coord (33.87012, 35.53756)",33.87012,35.53756,2.46975202,59,-105,125
237,ohm-01,868100000,-97,6.5,12,125,5-Apr,2018-08-02T04:15:33.45901Z,75,"Hello, GPS Coord (33.87012, 35.53756)",33.87012,35.53756,2.46975202,59,-97,117
238,ohm-01,868300000,-109,4,12,125,5-Apr,2018-08-02T04:15:44.459318Z,76,"Hello, GPS Coord (33.87012, 35.53756)",33.87012,35.53756,2.46975202,59,-109,129
239,ohm-01,868500000,-115,1.2,12,125,5-Apr,2018-08-02T04:15:55.679642Z,77,"Hello, GPS Coord (33.87018, 35.53749)",33.87018,35.53749,2.477432521,59,-115,135
240,ohm-01,868300000,-96,6,12,125,5-Apr,2018-08-02T04:16:06.897958Z,78,"Hello, GPS Coord (33.87018, 35.53749)",33.87018,35.53749,2.477432521,59,-96,116
241,ohm-01,868500000,-111,4,12,125,5-Apr,2018-08-02T04:16:18.008276Z,79,"Hello, GPS Coord (33.87018, 35.53749)",33.87018,35.53749,2.477432521,59,-111,131
242,ohm-01,868100000,-105,7.8,12,125,5-Apr,2018-08-02T04:38:38.195211Z,60,"Hello, GPS Coord (33.86809, 35.53102)",33.86809,35.53102,3.035102769,16,-105,125
243,ohm-01,868300000,-104,4.2,12,125,5-Apr,2018-08-02T04:38:48.653519Z,61,"Hello, GPS Coord (33.86809, 35.53102)",33.86809,35.53102,3.035102769,16,-104,124
244,ohm-01,868100000,-108,5,12,125,5-Apr,2018-08-02T04:38:59.219827Z,62,"Hello, GPS Coord (33.86809, 35.53102)",33.86809,35.53102,3.035102769,16,-108,128
245,ohm-01,868300000,-111,1.8,12,125,5-Apr,2018-08-02T04:39:09.892143Z,63,"Hello, GPS Coord (33.86809, 35.53102)",33.86809,35.53102,3.035102769,16,-111,131
246,ohm-01,868100000,-114,4.5,12,125,5-Apr,2018-08-02T04:39:20.564451Z,64,"Hello, GPS Coord (33.86809, 35.53102)",33.86809,35.53102,3.035102769,16,-114,134
247,ohm-01,868500000,-98,5.2,12,125,5-Apr,2018-08-02T04:39:31.022758Z,65,"Hello, GPS Coord (33.86809, 35.53102)",33.86809,35.53102,3.035102769,16,-98,118
248,ohm-01,868100000,-117,4,12,125,5-Apr,2018-08-02T04:39:41.585067Z,66,"Hello, GPS Coord (33.86809, 35.53102)",33.86809,35.53102,3.035102769,16,-117,137
249,ohm-01,868300000,-104,4.5,12,125,5-Apr,2018-08-02T04:39:52.805399Z,67,"Hello, GPS Coord (33.86809, 35.53102)",33.86809,35.53102,3.035102769,16,-104,124
250,ohm-01,868500000,-100,6.2,12,125,5-Apr,2018-08-02T04:40:03.371715Z,68,"Hello, GPS Coord (33.86809, 35.53102)",33.86809,35.53102,3.035102769,16,-100,120
251,ohm-01,868500000,-98,6,12,125,5-Apr,2018-08-02T04:40:14.044024Z,69,"Hello, GPS Coord (33.86809, 35.53102)",33.86809,35.53102,3.035102769,16,-98,118
252,ohm-01,868100000,-117,5.8,12,125,5-Apr,2018-08-02T04:40:24.608339Z,70,"Hello, GPS Coord (33.86809, 35.53102)",33.86809,35.53102,3.035102769,16,-117,137
253,ohm-01,868500000,-99,6.2,12,125,5-Apr,2018-08-02T04:40:35.170647Z,71,"Hello, GPS Coord (33.86809, 35.53102)",33.86809,35.53102,3.035102769,16,-99,119
254,ohm-01,868100000,-113,6.2,12,125,5-Apr,2018-08-02T04:40:45.624955Z,72,"Hello, GPS Coord (33.86809, 35.53102)",33.86809,35.53102,3.035102769,16,-113,133
255,ohm-01,868100000,-111,5,12,125,5-Apr,2018-08-02T04:40:57.281303Z,73,"Hello, GPS Coord (33.86809, 35.53102)",33.86809,35.53102,3.035102769,16,-111,131
256,ohm-01,868100000,-113,5,12,125,5-Apr,2018-08-02T04:41:07.843619Z,74,"Hello, GPS Coord (33.86809, 35.53102)",33.86809,35.53102,3.035102769,16,-113,133
257,ohm-01,868300000,-106,3,12,125,5-Apr,2018-08-02T04:41:18.405919Z,75,"Hello, GPS Coord (33.86809, 35.53102)",33.86809,35.53102,3.035102769,16,-106,126
258,ohm-01,868300000,-111,2.5,12,125,5-Apr,2018-08-02T04:41:30.058267Z,76,"Hello, GPS Coord (33.86809, 35.53102)",33.86809,35.53102,3.035102769,16,-111,131
259,ohm-01,868300000,-109,3.8,12,125,5-Apr,2018-08-02T04:41:40.622583Z,77,"Hello, GPS Coord (33.86809, 35.53102)",33.86809,35.53102,3.035102769,16,-109,129
260,ohm-01,868300000,-103,-2,12,125,5-Apr,2018-08-02T04:42:01.535199Z,79,"Hello, GPS Coord (33.86809, 35.53102)",33.86809,35.53102,3.035102769,16,-105,125
261,ohm-01,868500000,-113,0.8,12,125,5-Apr,2018-08-02T05:06:59.346531Z,60,"Hello, GPS Coord (33.90439, 35.53872)",33.90439,35.53872,4.889629801,1,-113,133
262,ohm-01,868300000,-107,0.5,12,125,5-Apr,2018-08-02T05:07:09.800846Z,61,"Hello, GPS Coord (33.90439, 35.53872)",33.90439,35.53872,4.889629801,1,-107,127
263,ohm-01,868500000,-113,-1.5,12,125,5-Apr,2018-08-02T05:07:20.145146Z,62,"Hello, GPS Coord (33.90439, 35.53872)",33.90439,35.53872,4.889629801,1,-114.5,134.5
264,ohm-01,868100000,-114,-1,12,125,5-Apr,2018-08-02T05:07:40.727762Z,64,"Hello, GPS Coord (33.90439, 35.53872)",33.90439,35.53872,4.889629801,1,-115,135
265,ohm-01,868100000,-117,-3.2,12,125,5-Apr,2018-08-02T05:07:51.182078Z,65,"Hello, GPS Coord (33.90439, 35.53872)",33.90439,35.53872,4.889629801,1,-120.2,140.2
266,ohm-01,868300000,-113,3.8,12,125,5-Apr,2018-08-02T05:08:01.530378Z,66,"Hello, GPS Coord (33.90439, 35.53872)",33.90439,35.53872,4.889629801,1,-113,133
267,ohm-01,868500000,-113,0,12,125,5-Apr,2018-08-02T05:08:11.984686Z,67,"Hello, GPS Coord (33.90439, 35.53872)",33.90439,35.53872,4.889629801,1,-113,133
268,ohm-01,868100000,-113,-2.5,12,125,5-Apr,2018-08-02T05:08:23.637042Z,68,"Hello, GPS Coord (33.90439, 35.53872)",33.90439,35.53872,4.889629801,1,-115.5,135.5
269,ohm-01,868500000,-114,-1.2,12,125,5-Apr,2018-08-02T05:08:35.289375Z,69,"Hello, GPS Coord (33.90439, 35.53872)",33.90439,35.53872,4.889629801,1,-115.2,135.2
270,ohm-01,868500000,-114,0.2,12,125,5-Apr,2018-08-02T05:08:46.713707Z,70,"Hello, GPS Coord (33.90439, 35.53872)",33.90439,35.53872,4.889629801,1,-114,134
271,ohm-01,868100000,-118,-1.2,12,125,5-Apr,2018-08-02T05:08:58.150055Z,71,"Hello, GPS Coord (33.90439, 35.53872)",33.90439,35.53872,4.889629801,1,-119.2,139.2
272,ohm-01,868300000,-99,4.2,12,125,5-Apr,2018-08-02T05:09:09.586387Z,72,"Hello, GPS Coord (33.90439, 35.53872)",33.90439,35.53872,4.889629801,1,-99,119
273,ohm-01,868500000,-117,-1.5,12,125,5-Apr,2018-08-02T05:09:31.15702Z,74,"Hello, GPS Coord (33.90439, 35.53872)",33.90439,35.53872,4.889629801,1,-118.5,138.5
274,ohm-01,868500000,-112,1,12,125,5-Apr,2018-08-02T05:09:41.501326Z,75,"Hello, GPS Coord (33.90439, 35.53872)",33.90439,35.53872,4.889629801,1,-112,132
275,ohm-01,868300000,-111,-2.5,12,125,5-Apr,2018-08-02T05:09:53.043669Z,76,"Hello, GPS Coord (33.90439, 35.53872)",33.90439,35.53872,4.889629801,1,-113.5,133.5
276,ohm-01,868500000,-114,-3.5,12,125,5-Apr,2018-08-02T05:10:04.266Z,77,"Hello, GPS Coord (33.90439, 35.53872)",33.90439,35.53872,4.889629801,1,-117.5,137.5
277,ohm-01,868500000,-111,1,12,125,5-Apr,2018-08-02T05:10:25.93864Z,79,"Hello, GPS Coord (33.90439, 35.53872)",33.90439,35.53872,4.889629801,1,-111,131
278,ohm-01,868500000,-113,0.8,12,125,5-Apr,2018-08-02T05:32:46.750571Z,60,"Hello, GPS Coord (33.89943, 35.52702)",33.89943,35.52702,5.06159098,17,-113,133
279,ohm-01,868500000,-117,-1.2,12,125,5-Apr,2018-08-02T05:32:57.748895Z,61,"Hello, GPS Coord (33.89943, 35.52702)",33.89943,35.52702,5.06159098,17,-118.2,138.2
280,ohm-01,868300000,-117,-9,12,125,5-Apr,2018-08-02T05:33:08.753219Z,62,"Hello, GPS Coord (33.89943, 35.52702)",33.89943,35.52702,5.06159098,17,-126,146
281,ohm-01,868500000,-114,-2.2,12,125,5-Apr,2018-08-02T05:33:19.755543Z,63,"Hello, GPS Coord (33.89943, 35.52702)",33.89943,35.52702,5.06159098,17,-116.2,136.2
282,ohm-01,868100000,-119,-2.8,12,125,5-Apr,2018-08-02T05:33:30.863875Z,64,"Hello, GPS Coord (33.89946, 35.52704)",33.89946,35.52704,5.062831019,17,-121.8,141.8
283,ohm-01,868300000,-99,-8.2,12,125,5-Apr,2018-08-02T05:33:41.862192Z,65,"Hello, GPS Coord (33.89946, 35.52705)",33.89946,35.52705,5.062213013,17,-107.2,127.2
284,ohm-01,868300000,-117,-3,12,125,5-Apr,2018-08-02T05:33:53.076525Z,66,"Hello, GPS Coord (33.89946, 35.52705)",33.89946,35.52705,5.062213013,17,-120,140
285,ohm-01,868100000,-120,-5.2,12,125,5-Apr,2018-08-02T05:34:03.966848Z,67,"Hello, GPS Coord (33.89946, 35.52705)",33.89946,35.52705,5.062213013,17,-125.2,145.2
286,ohm-01,868100000,-120,-8.2,12,125,5-Apr,2018-08-02T05:34:14.971172Z,68,"Hello, GPS Coord (33.89946, 35.52705)",33.89946,35.52705,5.062213013,17,-128.2,148.2
287,ohm-01,868500000,-113,0.2,12,125,5-Apr,2018-08-02T05:34:26.079496Z,69,"Hello, GPS Coord (33.89946, 35.52705)",33.89946,35.52705,5.062213013,17,-113,133
288,ohm-01,868300000,-117,-2.5,12,125,5-Apr,2018-08-02T05:34:37.079828Z,70,"Hello, GPS Coord (33.89946, 35.52705)",33.89946,35.52705,5.062213013,17,-119.5,139.5
289,ohm-01,868100000,-120,-5.8,12,125,5-Apr,2018-08-02T05:34:48.082154Z,71,"Hello, GPS Coord (33.89946, 35.52705)",33.89946,35.52705,5.062213013,17,-125.8,145.8
290,ohm-01,868100000,-120,-4.5,12,125,5-Apr,2018-08-02T05:34:59.190477Z,72,"Hello, GPS Coord (33.89946, 35.52705)",33.89946,35.52705,5.062213013,17,-124.5,144.5
291,ohm-01,868500000,-116,-0.2,12,125,5-Apr,2018-08-02T05:35:21.409133Z,74,"Hello, GPS Coord (33.89946, 35.52705)",33.89946,35.52705,5.062213013,17,-116.2,136.2
292,ohm-01,868100000,-117,-4.2,12,125,5-Apr,2018-08-02T05:35:32.735474Z,75,"Hello, GPS Coord (33.89946, 35.52705)",33.89946,35.52705,5.062213013,17,-121.2,141.2
293,ohm-01,868500000,-114,-2.5,12,125,5-Apr,2018-08-02T05:35:43.951798Z,76,"Hello, GPS Coord (33.89946, 35.52705)",33.89946,35.52705,5.062213013,17,-116.5,136.5
294,ohm-01,868100000,-120,-4.5,12,125,5-Apr,2018-08-02T05:35:54.294106Z,77,"Hello, GPS Coord (33.89946, 35.52705)",33.89946,35.52705,5.062213013,17,-124.5,144.5
295,ohm-01,868300000,-105,-4,12,125,5-Apr,2018-08-02T05:36:05.40643Z,78,"Hello, GPS Coord (33.89946, 35.52705)",33.89946,35.52705,5.062213013,17,-109,129
296,ohm-01,868100000,-119,-5.8,12,125,5-Apr,2018-08-02T05:36:16.73677Z,79,"Hello, GPS Coord (33.89946, 35.52705)",33.89946,35.52705,5.062213013,17,-124.8,144.8
297,ohm-01,868500000,-118,-7.5,12,125,5-Apr,2018-08-02T08:57:07.759564Z,60,"Hello, GPS Coord (33.89436, 35.49932)",33.89436,35.49932,6.751767782,64,-125.5,145.5
298,ohm-01,868500000,-120,-12,12,125,5-Apr,2018-08-02T08:57:18.103831Z,61,"Hello, GPS Coord (33.89436, 35.49932)",33.89436,35.49932,6.751767782,64,-132,152
299,ohm-01,868300000,-118,-8,12,125,5-Apr,2018-08-02T08:57:28.666084Z,62,"Hello, GPS Coord (33.89436, 35.49932)",33.89436,35.49932,6.751767782,64,-126,146
300,ohm-01,868500000,-119,-14,12,125,5-Apr,2018-08-02T08:57:51.970645Z,64,"Hello, GPS Coord (33.89436, 35.49932)",33.89436,35.49932,6.751767782,64,-133,153
301,ohm-01,868500000,-100,-10.2,12,125,5-Apr,2018-08-02T08:58:03.622921Z,65,"Hello, GPS Coord (33.89436, 35.49932)",33.89436,35.49932,6.751767782,64,-110.2,130.2
302,ohm-01,868300000,-119,-8,12,125,5-Apr,2018-08-02T08:58:15.16719Z,66,"Hello, GPS Coord (33.89436, 35.49932)",33.89436,35.49932,6.751767782,64,-127,147
303,ohm-01,868500000,-120,-5.8,12,125,5-Apr,2018-08-02T08:58:35.96567Z,68,"Hello, GPS Coord (33.89436, 35.49932)",33.89436,35.49932,6.751767782,64,-125.8,145.8
304,ohm-01,868500000,-117,-5.5,12,125,5-Apr,2018-08-02T08:58:47.617931Z,69,"Hello, GPS Coord (33.89428, 35.49927)",33.89428,35.49927,6.751636933,64,-122.5,142.5
305,ohm-01,868300000,-118,-3.8,12,125,5-Apr,2018-08-02T08:58:58.074168Z,70,"Hello, GPS Coord (33.89416, 35.49934)",33.89416,35.49934,6.739654406,64,-121.8,141.8
306,ohm-01,868300000,-117,-3.8,12,125,5-Apr,2018-08-02T08:59:08.636403Z,71,"Hello, GPS Coord (33.89416, 35.49934)",33.89416,35.49934,6.739654406,64,-120.8,140.8
307,ohm-01,868300000,-119,-10.8,12,125,5-Apr,2018-08-02T08:59:19.198647Z,72,"Hello, GPS Coord (33.89421, 35.49933)",33.89421,35.49933,6.743085003,64,-129.8,149.8
308,ohm-01,868100000,-121,-8.5,12,125,5-Apr,2018-08-02T08:59:29.656867Z,73,"Hello, GPS Coord (33.89422, 35.49933)",33.89422,35.49933,6.743608634,64,-129.5,149.5
309,ohm-01,868300000,-118,-4.2,12,125,5-Apr,2018-08-02T08:59:40.223104Z,74,"Hello, GPS Coord (33.89419, 35.49932)",33.89419,35.49932,6.742852587,64,-122.2,142.2
310,ohm-01,868100000,-119,-2.2,12,125,5-Apr,2018-08-02T08:59:50.789332Z,75,"Hello, GPS Coord (33.89421, 35.49933)",33.89421,35.49933,6.743085003,64,-121.2,141.2
311,ohm-01,868300000,-118,-5.5,12,125,5-Apr,2018-08-02T09:00:01.245552Z,76,"Hello, GPS Coord (33.89421, 35.49933)",33.89421,35.49933,6.743085003,64,-123.5,143.5
312,ohm-01,868500000,-120,-8.8,12,125,5-Apr,2018-08-02T09:00:11.807772Z,77,"Hello, GPS Coord (33.89424, 35.49934)",33.89424,35.49934,6.743842251,64,-128.8,148.8
313,ohm-01,868500000,-118,-9.2,12,125,5-Apr,2018-08-02T09:00:22.317832Z,78,"Hello, GPS Coord (33.89417, 0.08333334)",33.89417,0.08333334,3258.696688,64,-127.2,147.2
314,ohm-01,868500000,-120,-3.2,12,125,5-Apr,2018-08-02T09:00:33.044211Z,79,"Hello, GPS Coord (33.89424, 35.49934)",33.89424,35.49934,6.743842251,64,-123.2,143.2
315,ohm-01,868100000,-120,-14.5,12,125,5-Apr,2018-08-02T09:55:59.011781Z,60,"Hello, GPS Coord (33.88813, 35.49553)",33.88813,35.49553,6.777139001,96,-134.5,154.5
316,ohm-01,868300000,-118,-6,12,125,5-Apr,2018-08-02T09:56:10.668034Z,61,"Hello, GPS Coord (33.88818, 35.4956)",33.88818,35.4956,6.773186832,96,-124,144
317,ohm-01,868100000,-121,-18.2,12,125,5-Apr,2018-08-02T09:56:22.320295Z,62,"Hello, GPS Coord (33.88819, 35.49561)",33.88819,35.49561,6.772740441,96,-139.2,159.2
318,ohm-01,868300000,-120,-6,12,125,5-Apr,2018-08-02T09:56:43.338759Z,64,"Hello, GPS Coord (33.88819, 35.49561)",33.88819,35.49561,6.772740441,96,-126,146
319,ohm-01,868500000,-116,-5.2,12,125,5-Apr,2018-08-02T09:56:53.900987Z,65,"Hello, GPS Coord (33.88819, 35.49561)",33.88819,35.49561,6.772740441,96,-121.2,141.2
320,ohm-01,868300000,-118,-7,12,125,5-Apr,2018-08-02T09:57:04.463231Z,66,"Hello, GPS Coord (33.88811, 35.49555)",33.88811,35.49555,6.774603144,96,-125,145
321,ohm-01,868300000,-120,-12.8,12,125,5-Apr,2018-08-02T09:57:26.137702Z,68,"Hello, GPS Coord (33.8881, 35.49553)",33.8881,35.49553,6.775909808,96,-132.8,152.8
322,ohm-01,868500000,-119,-14.2,12,125,5-Apr,2018-08-02T09:57:36.69994Z,69,"Hello, GPS Coord (33.88812, 35.49567)",33.88812,35.49567,6.764717622,96,-133.2,153.2
323,ohm-01,868500000,-116,-7.2,12,125,5-Apr,2018-08-02T09:57:57.616396Z,71,"Hello, GPS Coord (33.88813, 35.49569)",33.88813,35.49569,6.763412692,96,-123.2,143.2
324,ohm-01,868100000,-121,-13.5,12,125,5-Apr,2018-08-02T09:58:08.074633Z,72,"Hello, GPS Coord (33.88819, 35.49557)",33.88819,35.49557,6.776170905,96,-134.5,154.5
325,ohm-01,868500000,-120,-6.8,12,125,5-Apr,2018-08-02T09:58:29.091088Z,74,"Hello, GPS Coord (33.88818, 35.49549)",33.88818,35.49549,6.782622033,96,-126.8,146.8
326,ohm-01,868300000,-119,-11.5,12,125,5-Apr,2018-08-02T09:58:39.653324Z,75,"Hello, GPS Coord (33.88818, 35.49549)",33.88818,35.49549,6.782622033,96,-130.5,150.5
327,ohm-01,868100000,-120,-12.2,12,125,5-Apr,2018-08-02T09:58:50.215553Z,76,"Hello, GPS Coord (33.88818, 35.49549)",33.88818,35.49549,6.782622033,96,-132.2,152.2
328,ohm-01,868100000,-121,-15.5,12,125,5-Apr,2018-08-02T09:59:00.777773Z,77,"Hello, GPS Coord (33.88818, 35.49549)",33.88818,35.49549,6.782622033,96,-136.5,156.5
329,ohm-01,868500000,-120,-7.5,12,125,5-Apr,2018-08-02T09:59:11.339993Z,78,"Hello, GPS Coord (33.88818, 35.49549)",33.88818,35.49549,6.782622033,96,-127.5,147.5
330,ohm-01,868100000,-119,-10.5,12,125,5-Apr,2018-08-02T09:59:21.904229Z,79,"Hello, GPS Coord (33.88818, 35.49549)",33.88818,35.49549,6.782622033,96,-129.5,149.5
331,ohm-01,868100000,-117,0.5,12,125,5-Apr,2018-08-08T03:46:03.433894Z,60,"Hello, GPS Coord (33.87892, 35.49635)",33.87892,35.49635,6.396291433,69,-117,137
332,ohm-01,868100000,-115,0.8,12,125,5-Apr,2018-08-08T03:46:14.652211Z,61,"Hello, GPS Coord (33.87892, 35.49635)",33.87892,35.49635,6.396291433,69,-115,135
333,ohm-01,868300000,-118,-3.5,12,125,5-Apr,2018-08-08T03:46:25.760535Z,62,"Hello, GPS Coord (33.87892, 35.49635)",33.87892,35.49635,6.396291433,69,-121.5,141.5
334,ohm-01,868300000,-120,-6.8,12,125,5-Apr,2018-08-08T03:46:48.199176Z,64,"Hello, GPS Coord (33.87892, 35.49635)",33.87892,35.49635,6.396291433,69,-126.8,146.8
335,ohm-01,868300000,-115,-6.8,12,125,5-Apr,2018-08-08T03:46:59.523499Z,65,"Hello, GPS Coord (33.87892, 35.49635)",33.87892,35.49635,6.396291433,69,-121.8,141.8
336,ohm-01,868500000,-119,-1.2,12,125,5-Apr,2018-08-08T03:47:10.631824Z,66,"Hello, GPS Coord (33.87892, 35.49635)",33.87892,35.49635,6.396291433,69,-120.2,140.2
337,ohm-01,868500000,-118,-4.8,12,125,5-Apr,2018-08-08T03:47:21.848141Z,67,"Hello, GPS Coord (33.87887, 35.49631)",33.87887,35.49631,6.398605897,69,-122.8,142.8
338,ohm-01,868500000,-115,-5.2,12,125,5-Apr,2018-08-08T03:47:33.068465Z,68,"Hello, GPS Coord (33.87887, 35.49631)",33.87887,35.49631,6.398605897,69,-120.2,140.2
339,ohm-01,868300000,-118,-2.2,12,125,5-Apr,2018-08-08T03:47:44.394798Z,69,"Hello, GPS Coord (33.87887, 35.49631)",33.87887,35.49631,6.398605897,69,-120.2,140.2
340,ohm-01,868100000,-119,-4.2,12,125,5-Apr,2018-08-08T03:47:55.611122Z,70,"Hello, GPS Coord (33.87887, 35.49631)",33.87887,35.49631,6.398605897,69,-123.2,143.2
341,ohm-01,868300000,-114,-10.5,12,125,5-Apr,2018-08-08T03:48:06.937446Z,71,"Hello, GPS Coord (33.87887, 35.49631)",33.87887,35.49631,6.398605897,69,-124.5,144.5
342,ohm-01,868300000,-115,-6.2,12,125,5-Apr,2018-08-08T03:48:18.153769Z,72,"Hello, GPS Coord (33.87887, 35.49631)",33.87887,35.49631,6.398605897,69,-121.2,141.2
343,ohm-01,868500000,-118,-8.5,12,125,5-Apr,2018-08-08T03:48:29.480095Z,73,"Hello, GPS Coord (33.87887, 35.49631)",33.87887,35.49631,6.398605897,69,-126.5,146.5
344,ohm-01,868500000,-115,-3,12,125,5-Apr,2018-08-08T03:48:40.702411Z,74,"Hello, GPS Coord (33.87887, 35.49631)",33.87887,35.49631,6.398605897,69,-118,138
345,ohm-01,868100000,-119,-4.2,12,125,5-Apr,2018-08-08T03:48:52.028745Z,75,"Hello, GPS Coord (33.87887, 35.49631)",33.87887,35.49631,6.398605897,69,-123.2,143.2
346,ohm-01,868300000,-119,-1,12,125,5-Apr,2018-08-08T03:49:03.461076Z,76,"Hello, GPS Coord (33.87887, 35.49631)",33.87887,35.49631,6.398605897,69,-120,140
347,ohm-01,868300000,-116,-5.2,12,125,5-Apr,2018-08-08T03:49:14.569393Z,77,"Hello, GPS Coord (33.87897, 35.49629)",33.87897,35.49629,6.40296428,69,-121.2,141.2
348,ohm-01,868300000,-119,-4.2,12,125,5-Apr,2018-08-08T03:49:25.785717Z,78,"Hello, GPS Coord (33.87898, 35.49628)",33.87898,35.49628,6.404119543,69,-123.2,143.2
349,ohm-01,868300000,-119,-5.8,12,125,5-Apr,2018-08-08T03:49:37.00604Z,79,"Hello, GPS Coord (33.87898, 35.49628)",33.87898,35.49628,6.404119543,69,-124.8,144.8
350,ohm-01,868500000,-117,-5.2,12,125,5-Apr,2018-08-08T04:09:15.219715Z,60,"Hello, GPS Coord (33.87254, 35.49902)",33.87254,35.49902,6.026265092,76,-122.2,142.2
351,ohm-01,868100000,-119,-2.8,12,125,5-Apr,2018-08-08T04:09:25.678015Z,61,"Hello, GPS Coord (33.87254, 35.49902)",33.87254,35.49902,6.026265092,76,-121.8,141.8
352,ohm-01,868300000,-119,-12.8,12,125,5-Apr,2018-08-08T04:09:38.08837Z,62,"Hello, GPS Coord (33.87264, 35.49897)",33.87264,35.49897,6.032265115,76,-131.8,151.8
353,ohm-01,868500000,-118,-11.2,12,125,5-Apr,2018-08-08T04:09:48.542672Z,63,"Hello, GPS Coord (33.87264, 35.49897)",33.87264,35.49897,6.032265115,76,-129.2,149.2
354,ohm-01,868100000,-118,-1.5,12,125,5-Apr,2018-08-08T04:09:59.21498Z,64,"Hello, GPS Coord (33.87264, 35.49897)",33.87264,35.49897,6.032265115,76,-119.5,139.5
355,ohm-01,868500000,-119,-7.5,12,125,5-Apr,2018-08-08T04:10:09.88928Z,65,"Hello, GPS Coord (33.87264, 35.49897)",33.87264,35.49897,6.032265115,76,-126.5,146.5
356,ohm-01,868100000,-117,-2.5,12,125,5-Apr,2018-08-08T04:10:20.455588Z,66,"Hello, GPS Coord (33.87264, 35.49897)",33.87264,35.49897,6.032265115,76,-119.5,139.5
357,ohm-01,868100000,-119,-3.2,12,125,5-Apr,2018-08-08T04:10:31.127896Z,67,"Hello, GPS Coord (33.87264, 35.49897)",33.87264,35.49897,6.032265115,76,-122.2,142.2
358,ohm-01,868100000,-119,-1,12,125,5-Apr,2018-08-08T04:10:41.800196Z,68,"Hello, GPS Coord (33.87264, 35.49897)",33.87264,35.49897,6.032265115,76,-120,140
359,ohm-01,868100000,-118,-2,12,125,5-Apr,2018-08-08T04:10:52.472505Z,69,"Hello, GPS Coord (33.87264, 35.49897)",33.87264,35.49897,6.032265115,76,-120,140
360,ohm-01,868500000,-118,-4.5,12,125,5-Apr,2018-08-08T04:11:03.038804Z,70,"Hello, GPS Coord (33.87264, 35.49897)",33.87264,35.49897,6.032265115,76,-122.5,142.5
361,ohm-01,868300000,-118,-7.5,12,125,5-Apr,2018-08-08T04:11:13.715113Z,71,"Hello, GPS Coord (33.87264, 35.49897)",33.87264,35.49897,6.032265115,76,-125.5,145.5
362,ohm-01,868300000,-117,-4.2,12,125,5-Apr,2018-08-08T04:11:24.387413Z,72,"Hello, GPS Coord (33.87264, 35.49897)",33.87264,35.49897,6.032265115,76,-121.2,141.2
363,ohm-01,868500000,-119,-9,12,125,5-Apr,2018-08-08T04:11:34.953713Z,73,"Hello, GPS Coord (33.87264, 35.49897)",33.87264,35.49897,6.032265115,76,-128,148
364,ohm-01,868300000,-107,-6.2,12,125,5-Apr,2018-08-08T04:11:45.626029Z,74,"Hello, GPS Coord (33.87264, 35.49897)",33.87264,35.49897,6.032265115,76,-113.2,133.2
365,ohm-01,868500000,-118,-9.2,12,125,5-Apr,2018-08-08T04:11:56.298329Z,75,"Hello, GPS Coord (33.87264, 35.49897)",33.87264,35.49897,6.032265115,76,-127.2,147.2
366,ohm-01,868100000,-118,2.2,12,125,5-Apr,2018-08-08T04:32:55.839954Z,60,"Hello, GPS Coord (33.86628, 35.49403)",33.86628,35.49403,6.438563006,50,-118,138
367,ohm-01,868300000,-115,-7.5,12,125,5-Apr,2018-08-08T04:33:06.730278Z,61,"Hello, GPS Coord (33.86628, 35.49403)",33.86628,35.49403,6.438563006,50,-122.5,142.5
368,ohm-01,868300000,-93,-7,12,125,5-Apr,2018-08-08T04:33:17.620578Z,62,"Hello, GPS Coord (33.86628, 35.49403)",33.86628,35.49403,6.438563006,50,-100,120
369,ohm-01,868300000,-110,-6.2,12,125,5-Apr,2018-08-08T04:33:28.510903Z,63,"Hello, GPS Coord (33.86628, 35.49403)",33.86628,35.49403,6.438563006,50,-116.2,136.2
370,ohm-01,868100000,-117,0.2,12,125,5-Apr,2018-08-08T04:33:39.509211Z,64,"Hello, GPS Coord (33.86628, 35.49403)",33.86628,35.49403,6.438563006,50,-117,137
371,ohm-01,868500000,-110,1.8,12,125,5-Apr,2018-08-08T04:33:50.715535Z,65,"Hello, GPS Coord (33.86628, 35.49403)",33.86628,35.49403,6.438563006,50,-110,130
372,ohm-01,868500000,-115,2,12,125,5-Apr,2018-08-08T04:34:01.715851Z,66,"Hello, GPS Coord (33.86628, 35.49403)",33.86628,35.49403,6.438563006,50,-115,135
373,ohm-01,868100000,-116,1.2,12,125,5-Apr,2018-08-08T04:34:12.824176Z,67,"Hello, GPS Coord (33.86628, 35.49403)",33.86628,35.49403,6.438563006,50,-116,136
374,ohm-01,868500000,-112,1,12,125,5-Apr,2018-08-08T04:34:23.826484Z,68,"Hello, GPS Coord (33.86628, 35.49403)",33.86628,35.49403,6.438563006,50,-112,132
375,ohm-01,868500000,-110,2.2,12,125,5-Apr,2018-08-08T04:34:34.936808Z,69,"Hello, GPS Coord (33.86628, 35.49403)",33.86628,35.49403,6.438563006,50,-110,130
376,ohm-01,868500000,-114,2.2,12,125,5-Apr,2018-08-08T04:34:45.939124Z,70,"Hello, GPS Coord (33.86628, 35.49403)",33.86628,35.49403,6.438563006,50,-114,134
377,ohm-01,868100000,-118,-0.5,12,125,5-Apr,2018-08-08T04:34:57.04545Z,71,"Hello, GPS Coord (33.86628, 35.49403)",33.86628,35.49403,6.438563006,50,-118.5,138.5
378,ohm-01,868500000,-115,-1.8,12,125,5-Apr,2018-08-08T04:35:08.043765Z,72,"Hello, GPS Coord (33.86628, 35.49403)",33.86628,35.49403,6.438563006,50,-116.8,136.8
379,ohm-01,868100000,-118,-5.8,12,125,5-Apr,2018-08-08T04:35:19.042089Z,73,"Hello, GPS Coord (33.86628, 35.49403)",33.86628,35.49403,6.438563006,50,-123.8,143.8
380,ohm-01,868500000,-115,0.8,12,125,5-Apr,2018-08-08T04:35:30.036405Z,74,"Hello, GPS Coord (33.86628, 35.49403)",33.86628,35.49403,6.438563006,50,-115,135
381,ohm-01,868300000,-115,-5.5,12,125,5-Apr,2018-08-08T04:35:40.818722Z,75,"Hello, GPS Coord (33.86628, 35.49403)",33.86628,35.49403,6.438563006,50,-120.5,140.5
382,ohm-01,868500000,-117,-1.5,12,125,5-Apr,2018-08-08T04:35:51.81903Z,76,"Hello, GPS Coord (33.86628, 35.49403)",33.86628,35.49403,6.438563006,50,-118.5,138.5
383,ohm-01,868300000,-114,-2,12,125,5-Apr,2018-08-08T04:36:02.709354Z,77,"Hello, GPS Coord (33.86628, 35.49403)",33.86628,35.49403,6.438563006,50,-116,136
384,ohm-01,868500000,-114,-1.2,12,125,5-Apr,2018-08-08T04:36:13.709671Z,78,"Hello, GPS Coord (33.86628, 35.49403)",33.86628,35.49403,6.438563006,50,-115.2,135.2
385,ohm-01,868100000,-121,-0.2,12,125,5-Apr,2018-08-08T04:36:24.599987Z,79,"Hello, GPS Coord (33.86628, 35.49403)",33.86628,35.49403,6.438563006,50,-121.2,141.2
386,ohm-01,868100000,-120,-10.2,12,125,5-Apr,2018-08-08T04:57:21.76137Z,63,"Hello, GPS Coord (33.83822, 35.4944)",33.83822,35.4944,7.093727959,26,-130.2,150.2
387,ohm-01,868300000,-120,-12,12,125,5-Apr,2018-08-08T04:57:32.979702Z,64,"Hello, GPS Coord (33.83822, 35.4944)",33.83822,35.4944,7.093727959,26,-132,152
388,ohm-01,868100000,-121,-8.2,12,125,5-Apr,2018-08-08T04:57:55.412359Z,66,"Hello, GPS Coord (33.83822, 35.4944)",33.83822,35.4944,7.093727959,26,-129.2,149.2
389,ohm-01,868500000,-118,-10.2,12,125,5-Apr,2018-08-08T04:58:06.628683Z,67,"Hello, GPS Coord (33.83822, 35.4944)",33.83822,35.4944,7.093727959,26,-128.2,148.2
390,ohm-01,868500000,-119,-8.5,12,125,5-Apr,2018-08-08T04:58:29.063341Z,69,"Hello, GPS Coord (33.83822, 35.4944)",33.83822,35.4944,7.093727959,26,-127.5,147.5
391,ohm-01,868500000,-117,-10.5,12,125,5-Apr,2018-08-08T04:58:40.281664Z,70,"Hello, GPS Coord (33.83822, 35.4944)",33.83822,35.4944,7.093727959,26,-127.5,147.5
392,ohm-01,868500000,-119,-7.8,12,125,5-Apr,2018-08-08T04:58:51.497997Z,71,"Hello, GPS Coord (33.83822, 35.4944)",33.83822,35.4944,7.093727959,26,-126.8,146.8
393,ohm-01,868100000,-121,-8.2,12,125,5-Apr,2018-08-08T04:59:02.714329Z,72,"Hello, GPS Coord (33.83822, 35.4944)",33.83822,35.4944,7.093727959,26,-129.2,149.2
394,ohm-01,868500000,-120,-7.2,12,125,5-Apr,2018-08-08T04:59:13.930653Z,73,"Hello, GPS Coord (33.83822, 35.4944)",33.83822,35.4944,7.093727959,26,-127.2,147.2
395,ohm-01,868100000,-119,-9.5,12,125,5-Apr,2018-08-08T04:59:25.146994Z,74,"Hello, GPS Coord (33.83822, 35.4944)",33.83822,35.4944,7.093727959,26,-128.5,148.5
396,ohm-01,868100000,-121,-9.8,12,125,5-Apr,2018-08-08T04:59:36.367318Z,75,"Hello, GPS Coord (33.83822, 35.4944)",33.83822,35.4944,7.093727959,26,-130.8,150.8
397,ohm-01,868100000,-120,-9.8,12,125,5-Apr,2018-08-08T04:59:47.587642Z,76,"Hello, GPS Coord (33.83822, 35.4944)",33.83822,35.4944,7.093727959,26,-129.8,149.8
398,ohm-01,868500000,-119,-7.5,12,125,5-Apr,2018-08-08T04:59:58.807974Z,77,"Hello, GPS Coord (33.83822, 35.4944)",33.83822,35.4944,7.093727959,26,-126.5,146.5
399,ohm-01,868100000,-120,-11,12,125,5-Apr,2018-08-08T05:00:10.0283Z,78,"Hello, GPS Coord (33.83822, 35.4944)",33.83822,35.4944,7.093727959,26,-131,151
400,ohm-01,868100000,-119,-9,12,125,5-Apr,2018-08-08T05:20:48.464109Z,61,"Hello, GPS Coord (33.83318, 35.49472)",33.83318,35.49472,7.326472021,24,-128,148
401,ohm-01,868300000,-117,-14.2,12,125,5-Apr,2018-08-08T05:21:10.460758Z,63,"Hello, GPS Coord (33.83318, 35.49472)",33.83318,35.49472,7.326472021,24,-131.2,151.2
402,ohm-01,868100000,-119,-7.2,12,125,5-Apr,2018-08-08T05:21:21.459074Z,64,"Hello, GPS Coord (33.83318, 35.49472)",33.83318,35.49472,7.326472021,24,-126.2,146.2
403,ohm-01,868100000,-119,-8.2,12,125,5-Apr,2018-08-08T05:21:43.455723Z,66,"Hello, GPS Coord (33.83318, 35.49472)",33.83318,35.49472,7.326472021,24,-127.2,147.2
404,ohm-01,868100000,-119,-6.8,12,125,5-Apr,2018-08-08T05:21:54.454047Z,67,"Hello, GPS Coord (33.83318, 35.49472)",33.83318,35.49472,7.326472021,24,-125.8,145.8
405,ohm-01,868500000,-119,-9.2,12,125,5-Apr,2018-08-08T05:22:05.452363Z,68,"Hello, GPS Coord (33.83318, 35.49472)",33.83318,35.49472,7.326472021,24,-128.2,148.2
406,ohm-01,868100000,-119,-7.8,12,125,5-Apr,2018-08-08T05:22:49.125652Z,72,"Hello, GPS Coord (33.83318, 35.49472)",33.83318,35.49472,7.326472021,24,-126.8,146.8
407,ohm-01,868500000,-110,-13.8,12,125,5-Apr,2018-08-08T05:23:00.019984Z,73,"Hello, GPS Coord (33.83318, 35.49472)",33.83318,35.49472,7.326472021,24,-123.8,143.8
408,ohm-01,868100000,-121,-10.8,12,125,5-Apr,2018-08-08T05:23:43.801258Z,77,"Hello, GPS Coord (33.83318, 35.49472)",33.83318,35.49472,7.326472021,24,-131.8,151.8
409,ohm-01,868500000,-118,-12.5,12,125,5-Apr,2018-08-08T05:23:54.691574Z,78,"Hello, GPS Coord (33.83318, 35.49472)",33.83318,35.49472,7.326472021,24,-130.5,150.5
410,ohm-01,868300000,-119,-9.2,12,125,5-Apr,2018-08-09T03:16:04.445972Z,60,"Hello, GPS Coord (33.90153, 35.48808)",33.90153,35.48808,8.045609055,7,-128.2,148.2
411,ohm-01,868300000,-120,-8.5,12,125,5-Apr,2018-08-09T03:16:25.794573Z,62,"Hello, GPS Coord (33.90153, 35.48808)",33.90153,35.48808,8.045609055,7,-128.5,148.5
412,ohm-01,868300000,-119,-8.8,12,125,5-Apr,2018-08-09T03:16:36.466881Z,63,"Hello, GPS Coord (33.90153, 35.48808)",33.90153,35.48808,8.045609055,7,-127.8,147.8
413,ohm-01,868300000,-120,-12.8,12,125,5-Apr,2018-08-09T03:17:08.373781Z,66,"Hello, GPS Coord (33.90136, 35.48806)",33.90136,35.48806,8.037860541,7,-132.8,152.8
414,ohm-01,868100000,-104,-11,12,125,5-Apr,2018-08-09T03:17:18.822081Z,67,"Hello, GPS Coord (33.90136, 35.48806)",33.90136,35.48806,8.037860541,7,-115,135
415,ohm-01,868500000,-119,-10.2,12,125,5-Apr,2018-08-09T03:17:29.280374Z,68,"Hello, GPS Coord (33.90136, 35.48806)",33.90136,35.48806,8.037860541,7,-129.2,149.2
416,ohm-01,868500000,-117,-6.8,12,125,5-Apr,2018-08-09T03:17:40.062683Z,69,"Hello, GPS Coord (33.90136, 35.48806)",33.90136,35.48806,8.037860541,7,-123.8,143.8
417,ohm-01,868500000,-116,-7.5,12,125,5-Apr,2018-08-09T03:17:50.84499Z,70,"Hello, GPS Coord (33.90136, 35.48806)",33.90136,35.48806,8.037860541,7,-123.5,143.5
418,ohm-01,868300000,-119,-9.5,12,125,5-Apr,2018-08-09T03:18:01.627298Z,71,"Hello, GPS Coord (33.90136, 35.48806)",33.90136,35.48806,8.037860541,7,-128.5,148.5
419,ohm-01,868100000,-121,-13.2,12,125,5-Apr,2018-08-09T03:18:12.299607Z,72,"Hello, GPS Coord (33.90145, 35.4881)",33.90145,35.4881,8.039599296,7,-134.2,154.2
420,ohm-01,868500000,-119,-9,12,125,5-Apr,2018-08-09T03:18:22.971899Z,73,"Hello, GPS Coord (33.90145, 35.4881)",33.90145,35.4881,8.039599296,7,-128,148
421,ohm-01,868300000,-120,-14.2,12,125,5-Apr,2018-08-09T03:18:33.644207Z,74,"Hello, GPS Coord (33.90145, 35.4881)",33.90145,35.4881,8.039599296,7,-134.2,154.2
422,ohm-01,868500000,-117,-7.2,12,125,5-Apr,2018-08-09T03:18:44.316507Z,75,"Hello, GPS Coord (33.90145, 35.4881)",33.90145,35.4881,8.039599296,7,-124.2,144.2
423,ohm-01,868100000,-120,-14.2,12,125,5-Apr,2018-08-09T03:18:54.988815Z,76,"Hello, GPS Coord (33.90154, 35.48809)",33.90154,35.48809,8.045358829,7,-134.2,154.2
424,ohm-01,868500000,-119,-7.5,12,125,5-Apr,2018-08-09T03:19:16.113407Z,78,"Hello, GPS Coord (33.90155, 35.4881)",33.90155,35.4881,8.045108855,7,-126.5,146.5
425,ohm-01,868500000,-117,-7.5,12,125,5-Apr,2018-08-09T03:19:26.677716Z,79,"Hello, GPS Coord (33.90155, 35.4881)",33.90155,35.4881,8.045108855,7,-124.5,144.5
426,ohm-01,868500000,-119,-9.2,12,125,5-Apr,2018-08-09T03:44:05.620608Z,61,"Hello, GPS Coord (33.90259, 35.48311)",33.90259,35.48311,8.503323064,4,-128.2,148.2
427,ohm-01,868100000,-117,0,12,125,5-Apr,2018-08-09T03:44:17.05695Z,62,"Hello, GPS Coord (33.90259, 35.48311)",33.90259,35.48311,8.503323064,4,-117,137
428,ohm-01,868300000,-120,-6,12,125,5-Apr,2018-08-09T03:44:28.493273Z,63,"Hello, GPS Coord (33.90259, 35.48311)",33.90259,35.48311,8.503323064,4,-126,146
429,ohm-01,868300000,-119,-8,12,125,5-Apr,2018-08-09T03:44:39.927598Z,64,"Hello, GPS Coord (33.90259, 35.48311)",33.90259,35.48311,8.503323064,4,-127,147
430,ohm-01,868100000,-121,-8.5,12,125,5-Apr,2018-08-09T03:44:51.363922Z,65,"Hello, GPS Coord (33.90259, 35.48311)",33.90259,35.48311,8.503323064,4,-129.5,149.5
431,ohm-01,868300000,-119,-0.2,12,125,5-Apr,2018-08-09T03:45:02.798255Z,66,"Hello, GPS Coord (33.90259, 35.48311)",33.90259,35.48311,8.503323064,4,-119.2,139.2
432,ohm-01,868100000,-120,-3.8,12,125,5-Apr,2018-08-09T03:45:13.142548Z,67,"Hello, GPS Coord (33.90259, 35.48311)",33.90259,35.48311,8.503323064,4,-123.8,143.8
433,ohm-01,868100000,-120,-4,12,125,5-Apr,2018-08-09T03:45:23.486839Z,68,"Hello, GPS Coord (33.90259, 35.48311)",33.90259,35.48311,8.503323064,4,-124,144
434,ohm-01,868100000,-117,-7.2,12,125,5-Apr,2018-08-09T03:45:46.359488Z,70,"Hello, GPS Coord (33.90259, 35.48311)",33.90259,35.48311,8.503323064,4,-124.2,144.2
435,ohm-01,868500000,-118,-13,12,125,5-Apr,2018-08-09T03:45:56.703772Z,71,"Hello, GPS Coord (33.90259, 35.48311)",33.90259,35.48311,8.503323064,4,-131,151
436,ohm-01,868100000,-119,-11,12,125,5-Apr,2018-08-09T03:46:39.711005Z,75,"Hello, GPS Coord (33.90259, 35.48311)",33.90259,35.48311,8.503323064,4,-130,150
437,ohm-01,868100000,-121,-9.8,12,125,5-Apr,2018-08-09T03:47:11.835921Z,78,"Hello, GPS Coord (33.90259, 35.48311)",33.90259,35.48311,8.503323064,4,-130.8,150.8
438,ohm-01,868100000,-120,-10.2,12,125,5-Apr,2018-08-09T03:47:23.270246Z,79,"Hello, GPS Coord (33.90259, 35.48311)",33.90259,35.48311,8.503323064,4,-130.2,150.2
439,ohm-02,868500000,-119,-7.2,12,125,5-Apr,2018-06-24T18:00:33.95187Z,50,"Hello, GPS Coord (33.89912, 35.51025)",33.89912,35.51025,6.18540208,3,-126.2,146.2
440,ohm-02,868300000,-121,-8,12,125,5-Apr,2018-06-24T18:00:45.388194Z,51,"Hello, GPS Coord (33.89912, 35.51025)",33.89912,35.51025,6.18540208,3,-129,149
441,ohm-02,868300000,-117,-6.5,12,125,5-Apr,2018-06-24T18:00:56.82451Z,52,"Hello, GPS Coord (33.89912, 35.51025)",33.89912,35.51025,6.18540208,3,-123.5,143.5
442,ohm-02,868500000,-118,-9,12,125,5-Apr,2018-06-24T18:01:19.703117Z,54,"Hello, GPS Coord (33.89912, 35.51025)",33.89912,35.51025,6.18540208,3,-127,147
443,ohm-02,868300000,-117,-5.5,12,125,5-Apr,2018-06-24T18:01:29.93744Z,55,"Hello, GPS Coord (33.89912, 35.51025)",33.89912,35.51025,6.18540208,3,-122.5,142.5
444,ohm-02,868300000,-116,-7.2,12,125,5-Apr,2018-06-24T18:01:40.173731Z,56,"Hello, GPS Coord (33.89912, 35.51025)",33.89912,35.51025,6.18540208,3,-123.2,143.2
445,ohm-02,868300000,-116,-3,12,125,5-Apr,2018-06-24T18:01:50.304014Z,57,"Hello, GPS Coord (33.89912, 35.51025)",33.89912,35.51025,6.18540208,3,-119,139
446,ohm-02,868500000,-110,-2.2,12,125,5-Apr,2018-06-24T18:02:00.758306Z,58,"Hello, GPS Coord (33.89912, 35.51025)",33.89912,35.51025,6.18540208,3,-112.2,132.2
447,ohm-02,868100000,-123,-2.2,12,125,5-Apr,2018-06-24T18:02:12.084629Z,59,"Hello, GPS Coord (33.89912, 35.51025)",33.89912,35.51025,6.18540208,3,-125.2,145.2
448,ohm-02,868300000,-115,-2.2,12,125,5-Apr,2018-06-24T18:02:45.961568Z,62,"Hello, GPS Coord (33.89912, 35.51025)",33.89912,35.51025,6.18540208,3,-117.2,137.2
449,ohm-02,868500000,-115,-5.2,12,125,5-Apr,2018-06-24T18:02:57.503891Z,63,"Hello, GPS Coord (33.89912, 35.51025)",33.89912,35.51025,6.18540208,3,-120.2,140.2
450,ohm-02,868500000,-117,-5.2,12,125,5-Apr,2018-06-24T18:03:08.828215Z,64,"Hello, GPS Coord (33.89912, 35.51025)",33.89912,35.51025,6.18540208,3,-122.2,142.2
451,ohm-02,868500000,-123,-4.8,12,125,5-Apr,2018-06-24T18:03:19.940522Z,65,"Hello, GPS Coord (33.89912, 35.51025)",33.89912,35.51025,6.18540208,3,-127.8,147.8
452,ohm-02,868300000,-117,-2.2,12,125,5-Apr,2018-06-24T18:03:31.376838Z,66,"Hello, GPS Coord (33.89912, 35.51025)",33.89912,35.51025,6.18540208,3,-119.2,139.2
453,ohm-02,868100000,-120,-5.8,12,125,5-Apr,2018-06-24T18:03:42.81117Z,67,"Hello, GPS Coord (33.89912, 35.51025)",33.89912,35.51025,6.18540208,3,-125.8,145.8
454,ohm-02,868100000,-119,-3.2,12,125,5-Apr,2018-06-24T18:03:54.781501Z,68,"Hello, GPS Coord (33.89912, 35.51025)",33.89912,35.51025,6.18540208,3,-122.2,142.2
455,ohm-02,868100000,-120,-3,12,125,5-Apr,2018-06-24T18:04:05.999817Z,69,"Hello, GPS Coord (33.89912, 35.51025)",33.89912,35.51025,6.18540208,3,-123,143
456,ohm-02,868100000,-119,-3.8,12,125,5-Apr,2018-06-24T18:04:17.330149Z,70,"Hello, GPS Coord (33.89912, 35.51025)",33.89912,35.51025,6.18540208,3,-122.8,142.8
457,ohm-02,868300000,-117,-1.8,12,125,5-Apr,2018-06-24T18:04:28.766448Z,71,"Hello, GPS Coord (33.89912, 35.51025)",33.89912,35.51025,6.18540208,3,-118.8,138.8
458,ohm-02,868500000,-118,-8.2,12,125,5-Apr,2018-06-24T18:04:40.09677Z,72,"Hello, GPS Coord (33.89912, 35.51025)",33.89912,35.51025,6.18540208,3,-126.2,146.2
459,ohm-02,868500000,-118,-5,12,125,5-Apr,2018-06-24T18:04:51.533087Z,73,"Hello, GPS Coord (33.89912, 35.51025)",33.89912,35.51025,6.18540208,3,-123,143
460,ohm-02,868300000,-119,-1.2,12,125,5-Apr,2018-06-24T18:05:03.823435Z,74,"Hello, GPS Coord (33.89912, 35.51025)",33.89912,35.51025,6.18540208,3,-120.2,140.2
461,ohm-02,868100000,-120,-5,12,125,5-Apr,2018-06-24T18:05:15.041741Z,75,"Hello, GPS Coord (33.89912, 35.51025)",33.89912,35.51025,6.18540208,3,-125,145
462,ohm-02,868500000,-118,-4.8,12,125,5-Apr,2018-06-24T18:05:26.478066Z,76,"Hello, GPS Coord (33.89912, 35.51025)",33.89912,35.51025,6.18540208,3,-122.8,142.8
463,ohm-02,868300000,-117,-2.8,12,125,5-Apr,2018-06-24T18:05:37.80639Z,77,"Hello, GPS Coord (33.89912, 35.51025)",33.89912,35.51025,6.18540208,3,-119.8,139.8
464,ohm-02,868500000,-120,-4,12,125,5-Apr,2018-06-24T18:05:49.132705Z,78,"Hello, GPS Coord (33.89912, 35.51025)",33.89912,35.51025,6.18540208,3,-124,144
465,ohm-02,868500000,-117,-6.5,12,125,5-Apr,2018-06-24T18:06:00.459021Z,79,"Hello, GPS Coord (33.89912, 35.51025)",33.89912,35.51025,6.18540208,3,-123.5,143.5
466,ohm-02,868500000,-115,-4,12,125,5-Apr,2018-06-24T18:06:11.895336Z,80,"Hello, GPS Coord (33.89912, 35.51025)",33.89912,35.51025,6.18540208,3,-119,139
467,ohm-02,868500000,-115,-5,12,125,5-Apr,2018-06-24T18:06:22.131626Z,81,"Hello, GPS Coord (33.89912, 35.51025)",33.89912,35.51025,6.18540208,3,-120,140
468,ohm-02,868300000,-115,-2.2,12,125,5-Apr,2018-06-24T18:06:33.351943Z,82,"Hello, GPS Coord (33.89912, 35.51025)",33.89912,35.51025,6.18540208,3,-117.2,137.2
469,ohm-02,868500000,-115,-4.2,12,125,5-Apr,2018-06-24T18:06:44.678259Z,83,"Hello, GPS Coord (33.89912, 35.51025)",33.89912,35.51025,6.18540208,3,-119.2,139.2
470,ohm-02,868500000,-113,-4.8,12,125,5-Apr,2018-06-24T18:07:07.22289Z,85,"Hello, GPS Coord (33.89912, 35.51025)",33.89912,35.51025,6.18540208,3,-117.8,137.8
471,ohm-02,868500000,-114,-5.5,12,125,5-Apr,2018-06-24T18:07:18.553205Z,86,"Hello, GPS Coord (33.89912, 35.51025)",33.89912,35.51025,6.18540208,3,-119.5,139.5
472,ohm-02,868100000,-120,-4.5,12,125,5-Apr,2018-06-24T18:07:29.749521Z,87,"Hello, GPS Coord (33.89912, 35.51025)",33.89912,35.51025,6.18540208,3,-124.5,144.5
473,ohm-02,868500000,-115,-4.5,12,125,5-Apr,2018-06-24T18:07:41.077836Z,88,"Hello, GPS Coord (33.89912, 35.51025)",33.89912,35.51025,6.18540208,3,-119.5,139.5
474,ohm-02,868300000,-117,-3,12,125,5-Apr,2018-06-24T18:07:52.514159Z,89,"Hello, GPS Coord (33.89912, 35.51025)",33.89912,35.51025,6.18540208,3,-120,140
475,ohm-02,868100000,-118,-4.5,12,125,5-Apr,2018-06-24T18:08:03.948475Z,90,"Hello, GPS Coord (33.89912, 35.51025)",33.89912,35.51025,6.18540208,3,-122.5,142.5
476,ohm-02,868100000,-118,-4.8,12,125,5-Apr,2018-06-24T18:08:15.278799Z,91,"Hello, GPS Coord (33.89912, 35.51025)",33.89912,35.51025,6.18540208,3,-122.8,142.8
477,ohm-02,868500000,-115,-5,12,125,5-Apr,2018-06-24T18:08:26.715123Z,92,"Hello, GPS Coord (33.89912, 35.51025)",33.89912,35.51025,6.18540208,3,-120,140
478,ohm-02,868500000,-117,-6,12,125,5-Apr,2018-06-24T18:08:38.787454Z,93,"Hello, GPS Coord (33.89912, 35.51025)",33.89912,35.51025,6.18540208,3,-123,143
479,ohm-02,868500000,-114,-5.8,12,125,5-Apr,2018-06-24T18:08:49.89777Z,94,"Hello, GPS Coord (33.89912, 35.51025)",33.89912,35.51025,6.18540208,3,-119.8,139.8
480,ohm-02,868100000,-117,-5.2,12,125,5-Apr,2018-06-24T18:09:01.226094Z,95,"Hello, GPS Coord (33.89912, 35.51025)",33.89912,35.51025,6.18540208,3,-122.2,142.2
481,ohm-02,868100000,-119,-3.2,12,125,5-Apr,2018-06-24T18:09:12.660409Z,96,"Hello, GPS Coord (33.89912, 35.51025)",33.89912,35.51025,6.18540208,3,-122.2,142.2
482,ohm-02,868300000,-119,-3,12,125,5-Apr,2018-06-24T18:09:23.772716Z,97,"Hello, GPS Coord (33.89912, 35.51025)",33.89912,35.51025,6.18540208,3,-122,142
483,ohm-02,868300000,-119,-3.8,12,125,5-Apr,2018-06-24T18:09:35.10304Z,98,"Hello, GPS Coord (33.89912, 35.51025)",33.89912,35.51025,6.18540208,3,-122.8,142.8
484,ohm-02,868300000,-115,-5,12,125,5-Apr,2018-06-26T15:08:55.344113Z,150,"Hello, GPS Coord (33.8937, 35.48964)",33.8937,35.48964,7.520214946,62,-120,140
485,ohm-02,868300000,-113,-3.8,12,125,5-Apr,2018-06-26T15:09:06.126419Z,151,"Hello, GPS Coord (33.8937, 35.48964)",33.8937,35.48964,7.520214946,62,-116.8,136.8
486,ohm-02,868300000,-114,-4.5,12,125,5-Apr,2018-06-26T15:09:16.908728Z,152,"Hello, GPS Coord (33.8937, 35.48964)",33.8937,35.48964,7.520214946,62,-118.5,138.5
487,ohm-02,868300000,-113,-7,12,125,5-Apr,2018-06-26T15:09:27.687132Z,153,"Hello, GPS Coord (33.8937, 35.48964)",33.8937,35.48964,7.520214946,62,-120,140
488,ohm-02,868500000,-112,-15,12,125,5-Apr,2018-06-26T15:09:38.471343Z,154,"Hello, GPS Coord (33.8937, 35.48964)",33.8937,35.48964,7.520214946,62,-127,147
489,ohm-02,868100000,-120,-7,12,125,5-Apr,2018-06-26T15:09:49.255651Z,155,"Hello, GPS Coord (33.8937, 35.48964)",33.8937,35.48964,7.520214946,62,-127,147
490,ohm-02,868100000,-118,-6.2,12,125,5-Apr,2018-06-26T15:10:00.145966Z,156,"Hello, GPS Coord (33.8937, 35.48964)",33.8937,35.48964,7.520214946,62,-124.2,144.2
491,ohm-02,868100000,-118,-7.5,12,125,5-Apr,2018-06-26T15:10:10.928273Z,157,"Hello, GPS Coord (33.8937, 35.48964)",33.8937,35.48964,7.520214946,62,-125.5,145.5
492,ohm-02,868100000,-120,-5.5,12,125,5-Apr,2018-06-26T15:10:21.710581Z,158,"Hello, GPS Coord (33.8937, 35.48964)",33.8937,35.48964,7.520214946,62,-125.5,145.5
493,ohm-02,868300000,-114,-5.8,12,125,5-Apr,2018-06-26T15:10:32.704889Z,159,"Hello, GPS Coord (33.8937, 35.48964)",33.8937,35.48964,7.520214946,62,-119.8,139.8
494,ohm-02,868500000,-118,-9,12,125,5-Apr,2018-06-26T15:10:43.489196Z,160,"Hello, GPS Coord (33.8937, 35.48964)",33.8937,35.48964,7.520214946,62,-127,147
495,ohm-02,868300000,-113,-6.8,12,125,5-Apr,2018-06-26T15:10:54.491512Z,161,"Hello, GPS Coord (33.8937, 35.48964)",33.8937,35.48964,7.520214946,62,-119.8,139.8
496,ohm-02,868300000,-114,-5.5,12,125,5-Apr,2018-06-26T15:11:05.493827Z,162,"Hello, GPS Coord (33.8937, 35.48964)",33.8937,35.48964,7.520214946,62,-119.5,139.5
497,ohm-02,868500000,-119,-9.8,12,125,5-Apr,2018-06-26T15:11:16.496135Z,163,"Hello, GPS Coord (33.8937, 35.48964)",33.8937,35.48964,7.520214946,62,-128.8,148.8
498,ohm-02,868500000,-119,-12.8,12,125,5-Apr,2018-06-26T15:11:27.49445Z,164,"Hello, GPS Coord (33.8937, 35.48964)",33.8937,35.48964,7.520214946,62,-131.8,151.8
499,ohm-02,868300000,-113,-7,12,125,5-Apr,2018-06-26T15:11:38.384766Z,165,"Hello, GPS Coord (33.8937, 35.48964)",33.8937,35.48964,7.520214946,62,-120,140
500,ohm-02,868100000,-117,-8.8,12,125,5-Apr,2018-06-26T15:11:49.385081Z,166,"Hello, GPS Coord (33.8937, 35.48964)",33.8937,35.48964,7.520214946,62,-125.8,145.8
501,ohm-02,868500000,-117,-13.8,12,125,5-Apr,2018-06-26T15:12:00.167381Z,167,"Hello, GPS Coord (33.8937, 35.48964)",33.8937,35.48964,7.520214946,62,-130.8,150.8
502,ohm-02,868300000,-113,-7,12,125,5-Apr,2018-06-26T15:12:10.949688Z,168,"Hello, GPS Coord (33.8937, 35.48964)",33.8937,35.48964,7.520214946,62,-120,140
503,ohm-02,868100000,-115,-8,12,125,5-Apr,2018-06-26T15:12:21.726004Z,169,"Hello, GPS Coord (33.8937, 35.48964)",33.8937,35.48964,7.520214946,62,-123,143
504,ohm-02,868300000,-113,-3.5,12,125,5-Apr,2018-06-26T15:12:43.178611Z,171,"Hello, GPS Coord (33.8937, 35.48964)",33.8937,35.48964,7.520214946,62,-116.5,136.5
505,ohm-02,868100000,-117,-11.8,12,125,5-Apr,2018-06-26T15:12:54.066926Z,172,"Hello, GPS Coord (33.8937, 35.48964)",33.8937,35.48964,7.520214946,62,-128.8,148.8
506,ohm-02,868300000,-112,-5.5,12,125,5-Apr,2018-06-26T15:13:04.629226Z,173,"Hello, GPS Coord (33.8937, 35.48964)",33.8937,35.48964,7.520214946,62,-117.5,137.5
507,ohm-02,868300000,-113,-5.2,12,125,5-Apr,2018-06-26T15:13:15.411533Z,174,"Hello, GPS Coord (33.8937, 35.48964)",33.8937,35.48964,7.520214946,62,-118.2,138.2
508,ohm-02,868500000,-116,-2.2,12,125,5-Apr,2018-06-26T15:13:26.191841Z,175,"Hello, GPS Coord (33.8937, 35.48964)",33.8937,35.48964,7.520214946,62,-118.2,138.2
509,ohm-02,868100000,-120,-9,12,125,5-Apr,2018-06-26T15:13:36.974156Z,176,"Hello, GPS Coord (33.8937, 35.48964)",33.8937,35.48964,7.520214946,62,-129,149
510,ohm-02,868100000,-117,-11,12,125,5-Apr,2018-06-26T15:13:47.756456Z,177,"Hello, GPS Coord (33.8937, 35.48964)",33.8937,35.48964,7.520214946,62,-128,148
511,ohm-02,868100000,-121,-11,12,125,5-Apr,2018-06-26T15:13:58.428763Z,178,"Hello, GPS Coord (33.8937, 35.48964)",33.8937,35.48964,7.520214946,62,-132,152
512,ohm-02,868100000,-121,-11.5,12,125,5-Apr,2018-06-26T15:14:09.211071Z,179,"Hello, GPS Coord (33.8937, 35.48964)",33.8937,35.48964,7.520214946,62,-132.5,152.5
513,ohm-02,868100000,-120,-13.5,12,125,5-Apr,2018-06-26T15:14:19.99137Z,180,"Hello, GPS Coord (33.8937, 35.48964)",33.8937,35.48964,7.520214946,62,-133.5,153.5
514,ohm-02,868100000,-121,-12,12,125,5-Apr,2018-06-26T15:14:30.763685Z,181,"Hello, GPS Coord (33.8937, 35.48964)",33.8937,35.48964,7.520214946,62,-133,153
515,ohm-02,868300000,-114,-3.8,12,125,5-Apr,2018-06-26T15:14:41.435985Z,182,"Hello, GPS Coord (33.8937, 35.48964)",33.8937,35.48964,7.520214946,62,-117.8,137.8
516,ohm-02,868300000,-113,-4.5,12,125,5-Apr,2018-06-26T15:14:52.216293Z,183,"Hello, GPS Coord (33.8937, 35.48964)",33.8937,35.48964,7.520214946,62,-117.5,137.5
517,ohm-02,868500000,-115,-3.5,12,125,5-Apr,2018-06-26T15:15:03.000601Z,184,"Hello, GPS Coord (33.8937, 35.48964)",33.8937,35.48964,7.520214946,62,-118.5,138.5
518,ohm-02,868100000,-120,-13.5,12,125,5-Apr,2018-06-26T15:15:13.890923Z,185,"Hello, GPS Coord (33.8937, 35.48964)",33.8937,35.48964,7.520214946,62,-133.5,153.5
519,ohm-02,868500000,-114,-6.5,12,125,5-Apr,2018-06-26T15:15:24.563223Z,186,"Hello, GPS Coord (33.8937, 35.48964)",33.8937,35.48964,7.520214946,62,-120.5,140.5
520,ohm-02,868300000,-115,-7.8,12,125,5-Apr,2018-06-26T15:15:35.345531Z,187,"Hello, GPS Coord (33.8937, 35.48964)",33.8937,35.48964,7.520214946,62,-122.8,142.8
521,ohm-02,868500000,-115,-4.5,12,125,5-Apr,2018-06-26T15:15:46.127839Z,188,"Hello, GPS Coord (33.89374, 35.48977)",33.89374,35.48977,7.511145008,62,-119.5,139.5
522,ohm-02,868300000,-115,-7,12,125,5-Apr,2018-06-26T15:15:56.908145Z,189,"Hello, GPS Coord (33.89374, 35.48977)",33.89374,35.48977,7.511145008,62,-122,142
523,ohm-02,868300000,-113,-6.5,12,125,5-Apr,2018-06-26T15:16:07.690461Z,190,"Hello, GPS Coord (33.89374, 35.48977)",33.89374,35.48977,7.511145008,62,-119.5,139.5
524,ohm-02,868300000,-115,-7.2,12,125,5-Apr,2018-06-26T15:16:18.578768Z,191,"Hello, GPS Coord (33.89374, 35.48977)",33.89374,35.48977,7.511145008,62,-122.2,142.2
525,ohm-02,868300000,-113,-5.2,12,125,5-Apr,2018-06-26T15:16:29.773092Z,192,"Hello, GPS Coord (33.89374, 35.48977)",33.89374,35.48977,7.511145008,62,-118.2,138.2
526,ohm-02,868500000,-112,-3.2,12,125,5-Apr,2018-06-26T15:16:40.445392Z,193,"Hello, GPS Coord (33.89374, 35.48977)",33.89374,35.48977,7.511145008,62,-115.2,135.2
527,ohm-02,868500000,-119,-7.8,12,125,5-Apr,2018-06-26T15:16:51.227699Z,194,"Hello, GPS Coord (33.89374, 35.48977)",33.89374,35.48977,7.511145008,62,-126.8,146.8
528,ohm-02,868500000,-115,-2,12,125,5-Apr,2018-06-26T15:17:02.010005Z,195,"Hello, GPS Coord (33.89374, 35.48977)",33.89374,35.48977,7.511145008,62,-117,137
529,ohm-02,868100000,-120,-13.8,12,125,5-Apr,2018-06-26T15:17:12.79233Z,196,"Hello, GPS Coord (33.89374, 35.48977)",33.89374,35.48977,7.511145008,62,-133.8,153.8
530,ohm-02,868500000,-117,-3.5,12,125,5-Apr,2018-06-26T15:17:23.574629Z,197,"Hello, GPS Coord (33.89374, 35.48977)",33.89374,35.48977,7.511145008,62,-120.5,140.5
531,ohm-02,868500000,-111,-6,12,125,5-Apr,2018-06-26T15:17:34.356937Z,198,"Hello, GPS Coord (33.89374, 35.48977)",33.89374,35.48977,7.511145008,62,-117,137
532,ohm-02,868500000,-115,-13.5,12,125,5-Apr,2018-06-26T15:17:45.247245Z,199,"Hello, GPS Coord (33.89374, 35.48977)",33.89374,35.48977,7.511145008,62,-128.5,148.5
533,ohm-02,868300000,-111,-8.2,12,125,5-Apr,2018-06-27T16:48:12.339682Z,150,"Hello, GPS Coord (33.87091, 35.50822)",33.87091,35.50822,5.161242616,50,-119.2,139.2
534,ohm-02,868300000,-109,-10.8,12,125,5-Apr,2018-06-27T16:48:22.687973Z,151,"Hello, GPS Coord (33.87091, 35.50822)",33.87091,35.50822,5.161242616,50,-119.8,139.8
535,ohm-02,868300000,-109,-8,12,125,5-Apr,2018-06-27T16:48:33.792289Z,152,"Hello, GPS Coord (33.87091, 35.50822)",33.87091,35.50822,5.161242616,50,-117,137
536,ohm-02,868100000,-113,-1.2,12,125,5-Apr,2018-06-27T16:48:55.576912Z,154,"Hello, GPS Coord (33.87091, 35.50822)",33.87091,35.50822,5.161242616,50,-114.2,134.2
537,ohm-02,868100000,-110,1.5,12,125,5-Apr,2018-06-27T16:49:07.121235Z,155,"Hello, GPS Coord (33.87091, 35.50822)",33.87091,35.50822,5.161242616,50,-110,130
538,ohm-02,868500000,-114,-2,12,125,5-Apr,2018-06-27T16:49:17.465535Z,156,"Hello, GPS Coord (33.87091, 35.50822)",33.87091,35.50822,5.161242616,50,-116,136
539,ohm-02,868100000,-110,0,12,125,5-Apr,2018-06-27T16:49:27.809819Z,157,"Hello, GPS Coord (33.87091, 35.50822)",33.87091,35.50822,5.161242616,50,-110,130
540,ohm-02,868500000,-117,-7,12,125,5-Apr,2018-06-27T16:49:38.154109Z,158,"Hello, GPS Coord (33.87091, 35.50822)",33.87091,35.50822,5.161242616,50,-124,144
541,ohm-02,868100000,-110,-2.2,12,125,5-Apr,2018-06-27T16:49:48.502402Z,159,"Hello, GPS Coord (33.87091, 35.50822)",33.87091,35.50822,5.161242616,50,-112.2,132.2
542,ohm-02,868100000,-113,-2.5,12,125,5-Apr,2018-06-27T16:49:58.850693Z,160,"Hello, GPS Coord (33.87091, 35.50822)",33.87091,35.50822,5.161242616,50,-115.5,135.5
543,ohm-02,868500000,-117,-10.2,12,125,5-Apr,2018-06-27T16:50:09.304993Z,161,"Hello, GPS Coord (33.87091, 35.50822)",33.87091,35.50822,5.161242616,50,-127.2,147.2
544,ohm-02,868500000,-119,-6.5,12,125,5-Apr,2018-06-27T16:50:20.851316Z,162,"Hello, GPS Coord (33.87091, 35.50822)",33.87091,35.50822,5.161242616,50,-125.5,145.5
545,ohm-02,868500000,-117,-8.8,12,125,5-Apr,2018-06-27T16:50:31.199616Z,163,"Hello, GPS Coord (33.87091, 35.50822)",33.87091,35.50822,5.161242616,50,-125.8,145.8
546,ohm-02,868100000,-111,-1,12,125,5-Apr,2018-06-27T16:50:53.200231Z,165,"Hello, GPS Coord (33.87091, 35.50822)",33.87091,35.50822,5.161242616,50,-112,132
547,ohm-02,868500000,-119,-8.2,12,125,5-Apr,2018-06-27T16:51:03.65453Z,166,"Hello, GPS Coord (33.87091, 35.50822)",33.87091,35.50822,5.161242616,50,-127.2,147.2
548,ohm-02,868100000,-111,-1.8,12,125,5-Apr,2018-06-27T16:51:15.198854Z,167,"Hello, GPS Coord (33.87091, 35.50822)",33.87091,35.50822,5.161242616,50,-112.8,132.8
549,ohm-02,868100000,-111,-0.8,12,125,5-Apr,2018-06-27T16:51:25.653154Z,168,"Hello, GPS Coord (33.87091, 35.50822)",33.87091,35.50822,5.161242616,50,-111.8,131.8
550,ohm-02,868100000,-112,-0.5,12,125,5-Apr,2018-06-27T16:51:37.305478Z,169,"Hello, GPS Coord (33.87091, 35.50822)",33.87091,35.50822,5.161242616,50,-112.5,132.5
551,ohm-02,868500000,-119,-6,12,125,5-Apr,2018-06-27T16:51:48.959809Z,170,"Hello, GPS Coord (33.87091, 35.50822)",33.87091,35.50822,5.161242616,50,-125,145
552,ohm-02,868300000,-111,-4.8,12,125,5-Apr,2018-06-27T16:52:01.920173Z,171,"Hello, GPS Coord (33.87091, 35.50822)",33.87091,35.50822,5.161242616,50,-115.8,135.8
553,ohm-02,868300000,-113,-2.2,12,125,5-Apr,2018-06-27T16:52:12.264465Z,172,"Hello, GPS Coord (33.87091, 35.50822)",33.87091,35.50822,5.161242616,50,-115.2,135.2
554,ohm-02,868500000,-114,-8.5,12,125,5-Apr,2018-06-27T16:52:22.718764Z,173,"Hello, GPS Coord (33.87091, 35.50822)",33.87091,35.50822,5.161242616,50,-122.5,142.5
555,ohm-02,868300000,-113,-4,12,125,5-Apr,2018-06-27T16:52:33.173056Z,174,"Hello, GPS Coord (33.87091, 35.50822)",33.87091,35.50822,5.161242616,50,-117,137
556,ohm-02,868300000,-110,-7.2,12,125,5-Apr,2018-06-27T16:52:44.719388Z,175,"Hello, GPS Coord (33.87091, 35.50822)",33.87091,35.50822,5.161242616,50,-117.2,137.2
557,ohm-02,868100000,-114,-1.8,12,125,5-Apr,2018-06-27T16:52:55.177687Z,176,"Hello, GPS Coord (33.87091, 35.50822)",33.87091,35.50822,5.161242616,50,-115.8,135.8
558,ohm-02,868100000,-112,-2.8,12,125,5-Apr,2018-06-27T16:53:05.635978Z,177,"Hello, GPS Coord (33.87091, 35.50822)",33.87091,35.50822,5.161242616,50,-114.8,134.8
559,ohm-02,868100000,-112,-1.8,12,125,5-Apr,2018-06-27T16:53:16.198278Z,178,"Hello, GPS Coord (33.87091, 35.50822)",33.87091,35.50822,5.161242616,50,-113.8,133.8
560,ohm-02,868500000,-113,-12.8,12,125,5-Apr,2018-06-27T16:53:26.764577Z,179,"Hello, GPS Coord (33.87091, 35.50822)",33.87091,35.50822,5.161242616,50,-125.8,145.8
561,ohm-02,868100000,-113,-1.8,12,125,5-Apr,2018-06-27T16:53:37.330877Z,180,"Hello, GPS Coord (33.87091, 35.50822)",33.87091,35.50822,5.161242616,50,-114.8,134.8
562,ohm-02,868100000,-113,-0.5,12,125,5-Apr,2018-06-27T16:53:48.003176Z,181,"Hello, GPS Coord (33.87091, 35.50822)",33.87091,35.50822,5.161242616,50,-113.5,133.5
563,ohm-02,868500000,-114,-10,12,125,5-Apr,2018-06-27T16:53:58.567468Z,182,"Hello, GPS Coord (33.87091, 35.50822)",33.87091,35.50822,5.161242616,50,-124,144
564,ohm-02,868300000,-111,-2.8,12,125,5-Apr,2018-06-27T16:54:09.025775Z,183,"Hello, GPS Coord (33.87089, 35.50822)",33.87089,35.50822,5.160991188,50,-113.8,133.8
565,ohm-02,868500000,-113,-12.5,12,125,5-Apr,2018-06-27T16:54:19.590075Z,184,"Hello, GPS Coord (33.87089, 35.50822)",33.87089,35.50822,5.160991188,50,-125.5,145.5
566,ohm-02,868100000,-114,-2.2,12,125,5-Apr,2018-06-27T16:54:30.152374Z,185,"Hello, GPS Coord (33.87089, 35.50822)",33.87089,35.50822,5.160991188,50,-116.2,136.2
567,ohm-02,868500000,-114,-10,12,125,5-Apr,2018-06-27T16:54:51.276965Z,187,"Hello, GPS Coord (33.87089, 35.50822)",33.87089,35.50822,5.160991188,50,-124,144
568,ohm-02,868500000,-112,-12.8,12,125,5-Apr,2018-06-27T16:55:01.839264Z,188,"Hello, GPS Coord (33.87089, 35.50822)",33.87089,35.50822,5.160991188,50,-124.8,144.8
569,ohm-02,868500000,-111,-12.8,12,125,5-Apr,2018-06-27T16:55:13.165588Z,189,"Hello, GPS Coord (33.87089, 35.50822)",33.87089,35.50822,5.160991188,50,-123.8,143.8
570,ohm-02,868100000,-114,0,12,125,5-Apr,2018-06-27T16:55:23.947896Z,190,"Hello, GPS Coord (33.87089, 35.50822)",33.87089,35.50822,5.160991188,50,-114,134
571,ohm-02,868300000,-109,-5.2,12,125,5-Apr,2018-06-27T16:55:34.730195Z,191,"Hello, GPS Coord (33.87089, 35.50822)",33.87089,35.50822,5.160991188,50,-114.2,134.2
572,ohm-02,868100000,-114,0.8,12,125,5-Apr,2018-06-27T16:55:45.512503Z,192,"Hello, GPS Coord (33.87089, 35.50822)",33.87089,35.50822,5.160991188,50,-114,134
573,ohm-02,868300000,-108,-2.2,12,125,5-Apr,2018-06-27T16:55:56.294811Z,193,"Hello, GPS Coord (33.87089, 35.50822)",33.87089,35.50822,5.160991188,50,-110.2,130.2
574,ohm-02,868300000,-107,-4.5,12,125,5-Apr,2018-06-27T16:56:07.077118Z,194,"Hello, GPS Coord (33.87089, 35.50822)",33.87089,35.50822,5.160991188,50,-111.5,131.5
575,ohm-02,868300000,-109,-1.5,12,125,5-Apr,2018-06-27T16:56:17.861417Z,195,"Hello, GPS Coord (33.87089, 35.50822)",33.87089,35.50822,5.160991188,50,-110.5,130.5
576,ohm-02,868300000,-109,-3.8,12,125,5-Apr,2018-06-27T16:56:28.751725Z,196,"Hello, GPS Coord (33.87089, 35.50822)",33.87089,35.50822,5.160991188,50,-112.8,132.8
577,ohm-02,868100000,-112,1.8,12,125,5-Apr,2018-06-27T16:56:39.536033Z,197,"Hello, GPS Coord (33.87089, 35.50822)",33.87089,35.50822,5.160991188,50,-112,132
578,ohm-02,868300000,-111,-2.8,12,125,5-Apr,2018-06-27T16:56:50.42634Z,198,"Hello, GPS Coord (33.87089, 35.50822)",33.87089,35.50822,5.160991188,50,-113.8,133.8
579,ohm-02,868500000,-113,-5.2,12,125,5-Apr,2018-06-27T16:57:01.210648Z,199,"Hello, GPS Coord (33.87089, 35.50822)",33.87089,35.50822,5.160991188,50,-118.2,138.2
580,ohm-02,868300000,-107,7,12,125,5-Apr,2018-06-29T09:43:26.054788Z,150,"Hello, GPS Coord (33.86995, 35.52583)",33.86995,35.52583,3.534641686,20,-107,127
581,ohm-02,868300000,-107,6.8,12,125,5-Apr,2018-06-29T09:43:36.621064Z,151,"Hello, GPS Coord (33.86995, 35.52583)",33.86995,35.52583,3.534641686,20,-107,127
582,ohm-02,868300000,-108,6.2,12,125,5-Apr,2018-06-29T09:43:47.187315Z,152,"Hello, GPS Coord (33.86995, 35.52583)",33.86995,35.52583,3.534641686,20,-108,128
583,ohm-02,868300000,-105,6.8,12,125,5-Apr,2018-06-29T09:43:57.859575Z,153,"Hello, GPS Coord (33.86995, 35.52583)",33.86995,35.52583,3.534641686,20,-105,125
584,ohm-02,868500000,-102,7.5,12,125,5-Apr,2018-06-29T09:44:08.421834Z,154,"Hello, GPS Coord (33.86995, 35.52583)",33.86995,35.52583,3.534641686,20,-102,122
585,ohm-02,868500000,-103,7.8,12,125,5-Apr,2018-06-29T09:44:19.74211Z,155,"Hello, GPS Coord (33.86995, 35.52583)",33.86995,35.52583,3.534641686,20,-103,123
586,ohm-02,868100000,-110,6.2,12,125,5-Apr,2018-06-29T09:44:30.086352Z,156,"Hello, GPS Coord (33.86995, 35.52583)",33.86995,35.52583,3.534641686,20,-110,130
587,ohm-02,868500000,-102,6.5,12,125,5-Apr,2018-06-29T09:44:40.540597Z,157,"Hello, GPS Coord (33.86995, 35.52583)",33.86995,35.52583,3.534641686,20,-102,122
588,ohm-02,868300000,-107,6.8,12,125,5-Apr,2018-06-29T09:44:51.102841Z,158,"Hello, GPS Coord (33.86995, 35.52583)",33.86995,35.52583,3.534641686,20,-107,127
589,ohm-02,868100000,-109,5.5,12,125,5-Apr,2018-06-29T09:45:12.123328Z,160,"Hello, GPS Coord (33.86995, 35.52583)",33.86995,35.52583,3.534641686,20,-109,129
590,ohm-02,868300000,-104,6.8,12,125,5-Apr,2018-06-29T09:45:22.581562Z,161,"Hello, GPS Coord (33.86995, 35.52583)",33.86995,35.52583,3.534641686,20,-104,124
591,ohm-02,868500000,-102,6.5,12,125,5-Apr,2018-06-29T09:45:33.145798Z,162,"Hello, GPS Coord (33.86995, 35.52583)",33.86995,35.52583,3.534641686,20,-102,122
592,ohm-02,868300000,-103,6.8,12,125,5-Apr,2018-06-29T09:45:43.600033Z,163,"Hello, GPS Coord (33.86995, 35.52583)",33.86995,35.52583,3.534641686,20,-103,123
593,ohm-02,868300000,-103,7.5,12,125,5-Apr,2018-06-29T09:45:55.254293Z,164,"Hello, GPS Coord (33.8699, 35.5258)",33.8699,35.5258,3.536638032,20,-103,123
594,ohm-02,868500000,-101,7,12,125,5-Apr,2018-06-29T09:46:06.908544Z,165,"Hello, GPS Coord (33.8699, 35.5258)",33.8699,35.5258,3.536638032,20,-101,121
595,ohm-02,868100000,-107,6.2,12,125,5-Apr,2018-06-29T09:46:18.562804Z,166,"Hello, GPS Coord (33.8699, 35.5258)",33.8699,35.5258,3.536638032,20,-107,127
596,ohm-02,868300000,-107,2.5,12,125,5-Apr,2018-06-29T09:46:30.219056Z,167,"Hello, GPS Coord (33.8699, 35.5258)",33.8699,35.5258,3.536638032,20,-107,127
597,ohm-02,868300000,-104,6,12,125,5-Apr,2018-06-29T09:46:41.871316Z,168,"Hello, GPS Coord (33.86988, 35.52572)",33.86988,35.52572,3.543661704,20,-104,124
598,ohm-02,868100000,-109,4.2,12,125,5-Apr,2018-06-29T09:46:53.419584Z,169,"Hello, GPS Coord (33.86988, 35.52572)",33.86988,35.52572,3.543661704,20,-109,129
599,ohm-02,868300000,-106,6.5,12,125,5-Apr,2018-06-29T09:47:03.873875Z,170,"Hello, GPS Coord (33.86988, 35.52572)",33.86988,35.52572,3.543661704,20,-106,126
600,ohm-02,868100000,-109,4,12,125,5-Apr,2018-06-29T09:47:15.420055Z,171,"Hello, GPS Coord (33.86995, 35.52577)",33.86995,35.52577,3.540130289,20,-109,129
601,ohm-02,868100000,-113,3,12,125,5-Apr,2018-06-29T09:47:25.65829Z,172,"Hello, GPS Coord (33.86995, 35.52576)",33.86995,35.52576,3.541045072,20,-113,133
602,ohm-02,868500000,-108,4.8,12,125,5-Apr,2018-06-29T09:47:36.758534Z,173,"Hello, GPS Coord (33.86995, 35.52576)",33.86995,35.52576,3.541045072,20,-108,128
603,ohm-02,868300000,-104,6.2,12,125,5-Apr,2018-06-29T09:47:48.086777Z,174,"Hello, GPS Coord (33.86995, 35.52576)",33.86995,35.52576,3.541045072,20,-104,124
604,ohm-02,868500000,-105,4.8,12,125,5-Apr,2018-06-29T09:47:58.325005Z,175,"Hello, GPS Coord (33.86995, 35.52576)",33.86995,35.52576,3.541045072,20,-105,125
605,ohm-02,868500000,-103,4.8,12,125,5-Apr,2018-06-29T09:48:08.669232Z,176,"Hello, GPS Coord (33.86995, 35.52576)",33.86995,35.52576,3.541045072,20,-103,123
606,ohm-02,868100000,-106,6.5,12,125,5-Apr,2018-06-29T09:48:18.909467Z,177,"Hello, GPS Coord (33.87003, 35.52585)",33.87003,35.52585,3.5340283,20,-106,126
607,ohm-02,868100000,-107,6.5,12,125,5-Apr,2018-06-29T09:48:30.349711Z,178,"Hello, GPS Coord (33.87003, 35.52585)",33.87003,35.52585,3.5340283,20,-107,127
608,ohm-02,868500000,-106,4.8,12,125,5-Apr,2018-06-29T09:48:40.693931Z,179,"Hello, GPS Coord (33.87003, 35.52585)",33.87003,35.52585,3.5340283,20,-106,126
609,ohm-02,868100000,-108,6,12,125,5-Apr,2018-06-29T09:48:50.93015Z,180,"Hello, GPS Coord (33.87003, 35.52585)",33.87003,35.52585,3.5340283,20,-108,128
610,ohm-02,868300000,-106,4.5,12,125,5-Apr,2018-06-29T09:49:01.382401Z,181,"Hello, GPS Coord (33.87003, 35.52585)",33.87003,35.52585,3.5340283,20,-106,126
611,ohm-02,868500000,-103,4.5,12,125,5-Apr,2018-06-29T09:49:12.708653Z,182,"Hello, GPS Coord (33.87003, 35.52585)",33.87003,35.52585,3.5340283,20,-103,123
612,ohm-02,868300000,-107,4.5,12,125,5-Apr,2018-06-29T09:49:24.148905Z,183,"Hello, GPS Coord (33.87003, 35.52585)",33.87003,35.52585,3.5340283,20,-107,127
613,ohm-02,868300000,-109,6.2,12,125,5-Apr,2018-06-29T09:49:34.389124Z,184,"Hello, GPS Coord (33.87003, 35.52585)",33.87003,35.52585,3.5340283,20,-109,129
614,ohm-02,868300000,-107,5.5,12,125,5-Apr,2018-06-29T09:49:45.825376Z,185,"Hello, GPS Coord (33.87003, 35.52585)",33.87003,35.52585,3.5340283,20,-107,127
615,ohm-02,868100000,-106,5.2,12,125,5-Apr,2018-06-29T09:49:56.061611Z,186,"Hello, GPS Coord (33.87003, 35.52585)",33.87003,35.52585,3.5340283,20,-106,126
616,ohm-02,868100000,-107,5.5,12,125,5-Apr,2018-06-29T09:50:07.391887Z,187,"Hello, GPS Coord (33.87003, 35.52585)",33.87003,35.52585,3.5340283,20,-107,127
617,ohm-02,868100000,-107,6,12,125,5-Apr,2018-06-29T09:50:17.628114Z,188,"Hello, GPS Coord (33.87003, 35.52585)",33.87003,35.52585,3.5340283,20,-107,127
618,ohm-02,868100000,-106,5.5,12,125,5-Apr,2018-06-29T09:50:29.064375Z,189,"Hello, GPS Coord (33.87003, 35.52585)",33.87003,35.52585,3.5340283,20,-106,126
619,ohm-02,868500000,-102,4.8,12,125,5-Apr,2018-06-29T09:50:40.500634Z,190,"Hello, GPS Coord (33.87003, 35.52585)",33.87003,35.52585,3.5340283,20,-102,122
620,ohm-02,868500000,-103,6.8,12,125,5-Apr,2018-06-29T09:50:50.844869Z,191,"Hello, GPS Coord (33.87003, 35.52585)",33.87003,35.52585,3.5340283,20,-103,123
621,ohm-02,868300000,-106,6.2,12,125,5-Apr,2018-06-29T09:51:02.281129Z,192,"Hello, GPS Coord (33.87003, 35.52585)",33.87003,35.52585,3.5340283,20,-106,126
622,ohm-02,868500000,-100,7.8,12,125,5-Apr,2018-06-29T09:51:13.717372Z,193,"Hello, GPS Coord (33.87003, 35.52585)",33.87003,35.52585,3.5340283,20,-100,120
623,ohm-02,868100000,-111,4.8,12,125,5-Apr,2018-06-29T09:51:24.061633Z,194,"Hello, GPS Coord (33.87003, 35.52585)",33.87003,35.52585,3.5340283,20,-111,131
624,ohm-02,868500000,-100,5.8,12,125,5-Apr,2018-06-29T09:51:35.497835Z,195,"Hello, GPS Coord (33.87003, 35.52585)",33.87003,35.52585,3.5340283,20,-100,120
625,ohm-02,868500000,-105,5.5,12,125,5-Apr,2018-06-29T09:51:46.932071Z,196,"Hello, GPS Coord (33.87003, 35.52585)",33.87003,35.52585,3.5340283,20,-105,125
626,ohm-02,868300000,-105,6,12,125,5-Apr,2018-06-29T09:51:57.276283Z,197,"Hello, GPS Coord (33.87003, 35.52585)",33.87003,35.52585,3.5340283,20,-105,125
627,ohm-02,868100000,-107,6.5,12,125,5-Apr,2018-06-29T09:52:09.910527Z,198,"Hello, GPS Coord (33.87003, 35.52585)",33.87003,35.52585,3.5340283,20,-107,127
628,ohm-02,868500000,-105,5.2,12,125,5-Apr,2018-06-29T09:52:21.23881Z,199,"Hello, GPS Coord (33.87003, 35.52585)",33.87003,35.52585,3.5340283,20,-105,125
