,RSSI,SNR,Freq,Prx,PL,Location,lat,long,Nb_floor,wall,Dist
0,-74,10.5,868300000,-74,94,loc_1,33.8657279,35.5635851,3,1,18.87612096
1,-72,11,868100000,-72,92,loc_1,33.8657279,35.5635851,3,1,18.87612096
2,-71,10,868300000,-71,91,loc_1,33.8657279,35.5635851,3,1,18.87612096
3,-72,8.8,868500000,-72,92,loc_1,33.8657279,35.5635851,3,1,18.87612096
4,-72,8,868500000,-72,92,loc_1,33.8657279,35.5635851,3,1,18.87612096
5,-73,10,868100000,-73,93,loc_1,33.8657279,35.5635851,3,1,18.87612096
6,-72,9.5,868100000,-72,92,loc_1,33.8657279,35.5635851,3,1,18.87612096
7,-73,7.5,868100000,-73,93,loc_1,33.8657279,35.5635851,3,1,18.87612096
8,-71,11,868300000,-71,91,loc_1,33.8657279,35.5635851,3,1,18.87612096
9,-75,10,868100000,-75,95,loc_1,33.8657279,35.5635851,3,1,18.87612096
10,-71,7.5,868500000,-71,91,loc_1,33.8657279,35.5635851,3,1,18.87612096
11,-72,8.8,868100000,-72,92,loc_1,33.8657279,35.5635851,3,1,18.87612096
12,-71,9.5,868300000,-71,91,loc_1,33.8657279,35.5635851,3,1,18.87612096
13,-73,11,868300000,-73,93,loc_1,33.8657279,35.5635851,3,1,18.87612096
14,-72,9.5,868500000,-72,92,loc_1,33.8657279,35.5635851,3,1,18.87612096
15,-73,9.8,868100000,-73,93,loc_1,33.8657279,35.5635851,3,1,18.87612096
16,-71,10.2,868300000,-71,91,loc_1,33.8657279,35.5635851,3,1,18.87612096
17,-73,9.8,868100000,-73,93,loc_1,33.8657279,35.5635851,3,1,18.87612096
18,-69,8.8,868500000,-69,89,loc_1,33.8657279,35.5635851,3,1,18.87612096
19,-107,7.2,868300000,-107,127,loc_3,33.8655553,35.5628485,4,2,84.68449223
20,-103,7.8,868100000,-103,123,loc_3,33.8655553,35.5628485,4,2,84.68449223
21,-111,6.8,868100000,-111,131,loc_3,33.8655553,35.5628485,4,2,84.68449223
22,-104,6.2,868300000,-104,124,loc_3,33.8655553,35.5628485,4,2,84.68449223
23,-107,5,868100000,-107,127,loc_3,33.8655553,35.5628485,4,2,84.68449223
24,-103,6.2,868300000,-103,123,loc_3,33.8655553,35.5628485,4,2,84.68449223
25,-105,5.5,868300000,-105,125,loc_3,33.8655553,35.5628485,4,2,84.68449223
26,-105,6.8,868100000,-105,125,loc_3,33.8655553,35.5628485,4,2,84.68449223
27,-103,5.8,868500000,-103,123,loc_3,33.8655553,35.5628485,4,2,84.68449223
28,-104,7.5,868300000,-104,124,loc_3,33.8655553,35.5628485,4,2,84.68449223
29,-109,8.2,868100000,-109,129,loc_3,33.8655553,35.5628485,4,2,84.68449223
30,-104,6.5,868300000,-104,124,loc_3,33.8655553,35.5628485,4,2,84.68449223
31,-111,8,868100000,-111,131,loc_3,33.8655553,35.5628485,4,2,84.68449223
32,-104,5.8,868500000,-104,124,loc_3,33.8655553,35.5628485,4,2,84.68449223
33,-105,7.8,868300000,-105,125,loc_3,33.8655553,35.5628485,4,2,84.68449223
34,-101,5.8,868300000,-101,121,loc_3,33.8655553,35.5628485,4,2,84.68449223
35,-104,6.2,868500000,-104,124,loc_3,33.8655553,35.5628485,4,2,84.68449223
36,-101,6.5,868300000,-101,121,loc_3,33.8655553,35.5628485,4,2,84.68449223
37,-103,1.2,868500000,-103,123,loc_3,33.8655553,35.5628485,4,2,84.68449223
38,-104,7,868300000,-104,124,loc_3,33.8655553,35.5628485,4,2,84.68449223
39,-91,8.8,868500000,-91,111,loc_4,33.8655679,35.5631423,3,2,57.59320553
40,-89,6.2,868500000,-89,109,loc_4,33.8655679,35.5631423,3,2,57.59320553
41,-91,8.5,868500000,-91,111,loc_4,33.8655679,35.5631423,3,2,57.59320553
42,-102,8.2,868300000,-102,122,loc_4,33.8655679,35.5631423,3,2,57.59320553
43,-97,9.8,868300000,-97,117,loc_4,33.8655679,35.5631423,3,2,57.59320553
44,-95,10.2,868300000,-95,115,loc_4,33.8655679,35.5631423,3,2,57.59320553
45,-90,8,868500000,-90,110,loc_4,33.8655679,35.5631423,3,2,57.59320553
46,-95,9.8,868300000,-95,115,loc_4,33.8655679,35.5631423,3,2,57.59320553
47,-90,8,868300000,-90,110,loc_4,33.8655679,35.5631423,3,2,57.59320553
48,-99,7,868100000,-99,119,loc_4,33.8655679,35.5631423,3,2,57.59320553
49,-94,7,868100000,-94,114,loc_4,33.8655679,35.5631423,3,2,57.59320553
50,-97,8.5,868500000,-97,117,loc_4,33.8655679,35.5631423,3,2,57.59320553
51,-93,6.2,868500000,-93,113,loc_4,33.8655679,35.5631423,3,2,57.59320553
52,-102,11.5,868100000,-102,122,loc_4,33.8655679,35.5631423,3,2,57.59320553
53,-91,9.2,868100000,-91,111,loc_4,33.8655679,35.5631423,3,2,57.59320553
54,-89,7.2,868500000,-89,109,loc_4,33.8655679,35.5631423,3,2,57.59320553
55,-100,8.5,868100000,-100,120,loc_4,33.8655679,35.5631423,3,2,57.59320553
56,-95,8.2,868500000,-95,115,loc_4,33.8655679,35.5631423,3,2,57.59320553
57,-97,8.5,868100000,-97,117,loc_4,33.8655679,35.5631423,3,2,57.59320553
58,-85,8.5,868500000,-85,105,loc_5,33.8656454,35.5634523,3,2,28.4163865
59,-87,9.5,868300000,-87,107,loc_5,33.8656454,35.5634523,3,2,28.4163865
60,-90,10,868300000,-90,110,loc_5,33.8656454,35.5634523,3,2,28.4163865
61,-83,10.5,868100000,-83,103,loc_5,33.8656454,35.5634523,3,2,28.4163865
62,-85,9,868100000,-85,105,loc_5,33.8656454,35.5634523,3,2,28.4163865
63,-84,10.8,868300000,-84,104,loc_5,33.8656454,35.5634523,3,2,28.4163865
64,-91,8.8,868500000,-91,111,loc_5,33.8656454,35.5634523,3,2,28.4163865
65,-81,8.2,868500000,-81,101,loc_5,33.8656454,35.5634523,3,2,28.4163865
66,-81,8.5,868500000,-81,101,loc_5,33.8656454,35.5634523,3,2,28.4163865
67,-84,9.8,868100000,-84,104,loc_5,33.8656454,35.5634523,3,2,28.4163865
68,-86,8.8,868300000,-86,106,loc_5,33.8656454,35.5634523,3,2,28.4163865
69,-81,11,868300000,-81,101,loc_5,33.8656454,35.5634523,3,2,28.4163865
70,-87,9.5,868300000,-87,107,loc_5,33.8656454,35.5634523,3,2,28.4163865
71,-81,10.8,868100000,-81,101,loc_5,33.8656454,35.5634523,3,2,28.4163865
72,-85,10.8,868300000,-85,105,loc_5,33.8656454,35.5634523,3,2,28.4163865
73,-82,10.8,868300000,-82,102,loc_5,33.8656454,35.5634523,3,2,28.4163865
74,-89,8.5,868500000,-89,109,loc_5,33.8656454,35.5634523,3,2,28.4163865
75,-85,11,868300000,-85,105,loc_5,33.8656454,35.5634523,3,2,28.4163865
76,-89,10.2,868100000,-89,109,loc_5,33.8656454,35.5634523,3,2,28.4163865
77,-85,9.8,868100000,-85,105,loc_5,33.8656454,35.5634523,3,2,28.4163865
78,-102,7.8,868500000,-102,122,loc_6,33.8655627,35.56294,3,1,76.19725423
79,-105,7.8,868100000,-105,125,loc_6,33.8655627,35.56294,3,1,76.19725423
80,-108,7.8,868100000,-108,128,loc_6,33.8655627,35.56294,3,1,76.19725423
81,-102,5.8,868500000,-102,122,loc_6,33.8655627,35.56294,3,1,76.19725423
82,-105,8.8,868300000,-105,125,loc_6,33.8655627,35.56294,3,1,76.19725423
83,-102,7,868100000,-102,122,loc_6,33.8655627,35.56294,3,1,76.19725423
84,-99,6.8,868500000,-99,119,loc_6,33.8655627,35.56294,3,1,76.19725423
85,-100,6.8,868500000,-100,120,loc_6,33.8655627,35.56294,3,1,76.19725423
86,-100,5.2,868300000,-100,120,loc_6,33.8655627,35.56294,3,1,76.19725423
87,-100,9.2,868100000,-100,120,loc_6,33.8655627,35.56294,3,1,76.19725423
88,-107,8.8,868100000,-107,127,loc_6,33.8655627,35.56294,3,1,76.19725423
89,-101,8.5,868100000,-101,121,loc_6,33.8655627,35.56294,3,1,76.19725423
90,-105,7,868300000,-105,125,loc_6,33.8655627,35.56294,3,1,76.19725423
91,-99,7.5,868300000,-99,119,loc_6,33.8655627,35.56294,3,1,76.19725423
92,-103,6,868500000,-103,123,loc_6,33.8655627,35.56294,3,1,76.19725423
93,-102,7,868500000,-102,122,loc_6,33.8655627,35.56294,3,1,76.19725423
94,-115,1.8,868300000,-115,135,loc_6,33.8655627,35.56294,3,1,76.19725423
95,-106,6.5,868100000,-106,126,loc_6,33.8655627,35.56294,3,1,76.19725423
96,-98,6.5,868500000,-98,118,loc_6,33.8655627,35.56294,3,1,76.19725423
97,-99,6,868100000,-99,119,loc_6,33.8655627,35.56294,3,1,76.19725423
98,-87,10.5,868100000,-87,107,loc_7,33.8656238,35.563246,4,1,47.49196929
99,-85,9.8,868300000,-85,105,loc_7,33.8656238,35.563246,4,1,47.49196929
100,-90,10.5,868100000,-90,110,loc_7,33.8656238,35.563246,4,1,47.49196929
101,-85,9.8,868100000,-85,105,loc_7,33.8656238,35.563246,4,1,47.49196929
102,-89,11.2,868300000,-89,109,loc_7,33.8656238,35.563246,4,1,47.49196929
103,-87,9.8,868100000,-87,107,loc_7,33.8656238,35.563246,4,1,47.49196929
104,-87,9.5,868100000,-87,107,loc_7,33.8656238,35.563246,4,1,47.49196929
105,-85,9.8,868300000,-85,105,loc_7,33.8656238,35.563246,4,1,47.49196929
106,-86,9.8,868300000,-86,106,loc_7,33.8656238,35.563246,4,1,47.49196929
107,-86,10.2,868100000,-86,106,loc_7,33.8656238,35.563246,4,1,47.49196929
108,-86,8.8,868500000,-86,106,loc_7,33.8656238,35.563246,4,1,47.49196929
109,-84,9,868300000,-84,104,loc_7,33.8656238,35.563246,4,1,47.49196929
110,-84,6.5,868500000,-84,104,loc_7,33.8656238,35.563246,4,1,47.49196929
111,-86,9.5,868100000,-86,106,loc_7,33.8656238,35.563246,4,1,47.49196929
112,-89,10,868300000,-89,109,loc_7,33.8656238,35.563246,4,1,47.49196929
113,-85,11,868300000,-85,105,loc_7,33.8656238,35.563246,4,1,47.49196929
114,-86,9,868500000,-86,106,loc_7,33.8656238,35.563246,4,1,47.49196929
115,-89,9.8,868100000,-89,109,loc_7,33.8656238,35.563246,4,1,47.49196929
116,-87,10.8,868300000,-87,107,loc_7,33.8656238,35.563246,4,1,47.49196929
117,-87,9.5,868100000,-87,107,loc_7,33.8656238,35.563246,4,1,47.49196929
118,-70,11,868300000,-70,90,loc_8,33.8655857,35.5633791,2,0,35.68317359
119,-94,10.2,868300000,-94,114,loc_8,33.8655857,35.5633791,2,0,35.68317359
120,-81,10.5,868100000,-81,101,loc_8,33.8655857,35.5633791,2,0,35.68317359
121,-85,10.8,868100000,-85,105,loc_8,33.8655857,35.5633791,2,0,35.68317359
122,-79,9.5,868100000,-79,99,loc_8,33.8655857,35.5633791,2,0,35.68317359
123,-84,10.5,868100000,-84,104,loc_8,33.8655857,35.5633791,2,0,35.68317359
124,-71,9.8,868300000,-71,91,loc_8,33.8655857,35.5633791,2,0,35.68317359
125,-75,8,868500000,-75,95,loc_8,33.8655857,35.5633791,2,0,35.68317359
126,-71,8,868300000,-71,91,loc_8,33.8655857,35.5633791,2,0,35.68317359
127,-73,9.2,868300000,-73,93,loc_8,33.8655857,35.5633791,2,0,35.68317359
128,-72,8.8,868300000,-72,92,loc_8,33.8655857,35.5633791,2,0,35.68317359
129,-77,7.5,868500000,-77,97,loc_8,33.8655857,35.5633791,2,0,35.68317359
130,-72,10,868300000,-72,92,loc_8,33.8655857,35.5633791,2,0,35.68317359
131,-72,7.2,868500000,-72,92,loc_8,33.8655857,35.5633791,2,0,35.68317359
132,-73,9.5,868100000,-73,93,loc_8,33.8655857,35.5633791,2,0,35.68317359
133,-79,10.2,868300000,-79,99,loc_8,33.8655857,35.5633791,2,0,35.68317359
134,-77,9,868100000,-77,97,loc_8,33.8655857,35.5633791,2,0,35.68317359
135,-75,8.2,868100000,-75,95,loc_8,33.8655857,35.5633791,2,0,35.68317359
136,-73,9,868300000,-73,93,loc_9,33.8655922,35.563529,2,0,21.98061378
137,-61,8.8,868300000,-61,81,loc_9,33.8655922,35.563529,2,0,21.98061378
138,-66,9.5,868300000,-66,86,loc_9,33.8655922,35.563529,2,0,21.98061378
139,-68,10,868100000,-68,88,loc_9,33.8655922,35.563529,2,0,21.98061378
140,-62,9.2,868300000,-62,82,loc_9,33.8655922,35.563529,2,0,21.98061378
141,-65,8.8,868100000,-65,85,loc_9,33.8655922,35.563529,2,0,21.98061378
142,-64,10.8,868300000,-64,84,loc_9,33.8655922,35.563529,2,0,21.98061378
143,-62,11.5,868300000,-62,82,loc_9,33.8655922,35.563529,2,0,21.98061378
144,-66,11.5,868300000,-66,86,loc_9,33.8655922,35.563529,2,0,21.98061378
145,-62,7,868500000,-62,82,loc_9,33.8655922,35.563529,2,0,21.98061378
146,-75,9.8,868100000,-75,95,loc_9,33.8655922,35.563529,2,0,21.98061378
147,-68,8,868500000,-68,88,loc_9,33.8655922,35.563529,2,0,21.98061378
148,-67,11.8,868300000,-67,87,loc_9,33.8655922,35.563529,2,0,21.98061378
149,-66,9.2,868300000,-66,86,loc_9,33.8655922,35.563529,2,0,21.98061378
150,-65,11.5,868300000,-65,85,loc_9,33.8655922,35.563529,2,0,21.98061378
151,-67,10.2,868100000,-67,87,loc_9,33.8655922,35.563529,2,0,21.98061378
152,-63,6.8,868500000,-63,83,loc_9,33.8655922,35.563529,2,0,21.98061378
153,-82,9.2,868300000,-82,102,loc_9,33.8655922,35.563529,2,0,21.98061378
154,-61,6.5,868500000,-61,81,loc_9,33.8655922,35.563529,2,0,21.98061378
155,-61,12,868100000,-61,81,loc_9,33.8655922,35.563529,2,0,21.98061378
156,-81,10.5,868300000,-81,101,loc_10,33.8657415,35.5637417,2,0,11.41206061
157,-72,10,868100000,-72,92,loc_10,33.8657415,35.5637417,2,0,11.41206061
158,-72,9.8,868300000,-72,92,loc_10,33.8657415,35.5637417,2,0,11.41206061
159,-71,7.5,868500000,-71,91,loc_10,33.8657415,35.5637417,2,0,11.41206061
160,-75,9.8,868100000,-75,95,loc_10,33.8657415,35.5637417,2,0,11.41206061
161,-72,8.5,868100000,-72,92,loc_10,33.8657415,35.5637417,2,0,11.41206061
162,-73,8.5,868100000,-73,93,loc_10,33.8657415,35.5637417,2,0,11.41206061
163,-72,9.8,868100000,-72,92,loc_10,33.8657415,35.5637417,2,0,11.41206061
164,-73,10.5,868300000,-73,93,loc_10,33.8657415,35.5637417,2,0,11.41206061
165,-67,7.2,868500000,-67,87,loc_10,33.8657415,35.5637417,2,0,11.41206061
166,-79,10.8,868100000,-79,99,loc_10,33.8657415,35.5637417,2,0,11.41206061
167,-85,8.5,868100000,-85,105,loc_10,33.8657415,35.5637417,2,0,11.41206061
168,-77,10,868300000,-77,97,loc_10,33.8657415,35.5637417,2,0,11.41206061
169,-81,9,868300000,-81,101,loc_10,33.8657415,35.5637417,2,0,11.41206061
170,-89,10.8,868300000,-89,109,loc_10,33.8657415,35.5637417,2,0,11.41206061
171,-71,7,868500000,-71,91,loc_10,33.8657415,35.5637417,2,0,11.41206061
172,-73,7.2,868500000,-73,93,loc_10,33.8657415,35.5637417,2,0,11.41206061
173,-69,7.2,868500000,-69,89,loc_10,33.8657415,35.5637417,2,0,11.41206061
174,-70,8.2,868300000,-70,90,loc_10,33.8657415,35.5637417,2,0,11.41206061
175,-71,9.8,868300000,-71,91,loc_10,33.8657415,35.5637417,2,0,11.41206061
176,-65,8,868500000,-65,85,loc_11,33.8656551,35.5636288,2,1,12.22954794
177,-60,8.8,868500000,-60,80,loc_11,33.8656551,35.5636288,2,1,12.22954794
178,-61,7.5,868500000,-61,81,loc_11,33.8656551,35.5636288,2,1,12.22954794
179,-60,9,868500000,-60,80,loc_11,33.8656551,35.5636288,2,1,12.22954794
180,-59,9.2,868300000,-59,79,loc_11,33.8656551,35.5636288,2,1,12.22954794
181,-59,7.8,868500000,-59,79,loc_11,33.8656551,35.5636288,2,1,12.22954794
182,-64,9.8,868100000,-64,84,loc_11,33.8656551,35.5636288,2,1,12.22954794
183,-63,11.2,868100000,-63,83,loc_11,33.8656551,35.5636288,2,1,12.22954794
184,-60,8,868500000,-60,80,loc_11,33.8656551,35.5636288,2,1,12.22954794
185,-57,8.2,868500000,-57,77,loc_11,33.8656551,35.5636288,2,1,12.22954794
186,-57,9.2,868100000,-57,77,loc_11,33.8656551,35.5636288,2,1,12.22954794
187,-56,11.2,868100000,-56,76,loc_11,33.8656551,35.5636288,2,1,12.22954794
188,-59,8.2,868500000,-59,79,loc_11,33.8656551,35.5636288,2,1,12.22954794
189,-56,9.8,868300000,-56,76,loc_11,33.8656551,35.5636288,2,1,12.22954794
190,-65,10.2,868100000,-65,85,loc_11,33.8656551,35.5636288,2,1,12.22954794
191,-66,10.2,868100000,-66,86,loc_11,33.8656551,35.5636288,2,1,12.22954794
192,-62,7.5,868500000,-62,82,loc_11,33.8656551,35.5636288,2,1,12.22954794
193,-56,8,868500000,-56,76,loc_11,33.8656551,35.5636288,2,1,12.22954794
194,-58,7.2,868500000,-58,78,loc_11,33.8656551,35.5636288,2,1,12.22954794
195,-58,9.2,868100000,-58,78,loc_11,33.8656551,35.5636288,2,1,12.22954794
196,-81,8.2,868500000,-81,101,loc_12,33.8657123,35.5634837,2,2,26.74763165
197,-79,12.2,868100000,-79,99,loc_12,33.8657123,35.5634837,2,2,26.74763165
198,-79,7.8,868500000,-79,99,loc_12,33.8657123,35.5634837,2,2,26.74763165
199,-87,9.8,868100000,-87,107,loc_12,33.8657123,35.5634837,2,2,26.74763165
200,-85,8,868100000,-85,105,loc_12,33.8657123,35.5634837,2,2,26.74763165
201,-78,11.2,868100000,-78,98,loc_12,33.8657123,35.5634837,2,2,26.74763165
202,-88,9.8,868300000,-88,108,loc_12,33.8657123,35.5634837,2,2,26.74763165
203,-87,9.8,868300000,-87,107,loc_12,33.8657123,35.5634837,2,2,26.74763165
204,-81,10.5,868300000,-81,101,loc_12,33.8657123,35.5634837,2,2,26.74763165
205,-83,8.2,868500000,-83,103,loc_12,33.8657123,35.5634837,2,2,26.74763165
206,-72,8.2,868500000,-72,92,loc_12,33.8657123,35.5634837,2,2,26.74763165
207,-93,11,868300000,-93,113,loc_12,33.8657123,35.5634837,2,2,26.74763165
208,-76,10.2,868100000,-76,96,loc_12,33.8657123,35.5634837,2,2,26.74763165
209,-68,8,868500000,-68,88,loc_12,33.8657123,35.5634837,2,2,26.74763165
210,-77,11,868300000,-77,97,loc_12,33.8657123,35.5634837,2,2,26.74763165
211,-73,8.2,868500000,-73,93,loc_12,33.8657123,35.5634837,2,2,26.74763165
212,-80,10,868100000,-80,100,loc_12,33.8657123,35.5634837,2,2,26.74763165
213,-75,8,868500000,-75,95,loc_12,33.8657123,35.5634837,2,2,26.74763165
214,-77,10.2,868100000,-77,97,loc_12,33.8657117,35.5635467,2,1,21.24662848
215,-67,10.5,868100000,-67,87,loc_12,33.8657117,35.5635467,2,1,21.24662848
216,-70,11.2,868100000,-70,90,loc_12,33.8657117,35.5635467,2,1,21.24662848
217,-72,8.2,868500000,-72,92,loc_12,33.8657117,35.5635467,2,1,21.24662848
218,-74,8.5,868300000,-74,94,loc_12,33.8657117,35.5635467,2,1,21.24662848
219,-68,9.8,868100000,-68,88,loc_12,33.8657117,35.5635467,2,1,21.24662848
220,-76,8.2,868500000,-76,96,loc_12,33.8657117,35.5635467,2,1,21.24662848
221,-74,10,868100000,-74,94,loc_12,33.8657117,35.5635467,2,1,21.24662848
222,-68,7.8,868500000,-68,88,loc_12,33.8657117,35.5635467,2,1,21.24662848
223,-69,10,868300000,-69,89,loc_12,33.8657117,35.5635467,2,1,21.24662848
224,-75,10,868100000,-75,95,loc_12,33.8657117,35.5635467,2,1,21.24662848
225,-75,7.5,868500000,-75,95,loc_12,33.8657117,35.5635467,2,1,21.24662848
226,-76,10,868100000,-76,96,loc_12,33.8657117,35.5635467,2,1,21.24662848
227,-71,7.8,868500000,-71,91,loc_12,33.8657117,35.5635467,2,1,21.24662848
228,-77,7.8,868500000,-77,97,loc_12,33.8657117,35.5635467,2,1,21.24662848
229,-73,8.8,868300000,-73,93,loc_12,33.8657117,35.5635467,2,1,21.24662848
230,-71,10.2,868300000,-71,91,loc_12,33.8657117,35.5635467,2,1,21.24662848
231,-69,8.5,868500000,-69,89,loc_12,33.8657117,35.5635467,2,1,21.24662848
232,-71,8.8,868500000,-71,91,loc_12,33.8657117,35.5635467,2,1,21.24662848
233,-71,10,868100000,-71,91,loc_12,33.8657117,35.5635467,2,1,21.24662848
234,-67,10,868500000,-67,87,loc_13,33.8656337,35.5633906,2,2,34.11401882
235,-65,8,868500000,-65,85,loc_13,33.8656337,35.5633906,2,2,34.11401882
236,-67,8.8,868500000,-67,87,loc_13,33.8656337,35.5633906,2,2,34.11401882
237,-69,9.8,868300000,-69,89,loc_13,33.8656337,35.5633906,2,2,34.11401882
238,-73,9.8,868100000,-73,93,loc_13,33.8656337,35.5633906,2,2,34.11401882
239,-73,10.8,868100000,-73,93,loc_13,33.8656337,35.5633906,2,2,34.11401882
240,-67,10.2,868300000,-67,87,loc_13,33.8656337,35.5633906,2,2,34.11401882
241,-66,6.8,868500000,-66,86,loc_13,33.8656337,35.5633906,2,2,34.11401882
242,-71,11,868100000,-71,91,loc_13,33.8656337,35.5633906,2,2,34.11401882
243,-69,9,868100000,-69,89,loc_13,33.8656337,35.5633906,2,2,34.11401882
244,-71,11.8,868100000,-71,91,loc_13,33.8656337,35.5633906,2,2,34.11401882
245,-68,10.5,868100000,-68,88,loc_13,33.8656337,35.5633906,2,2,34.11401882
246,-69,11.5,868300000,-69,89,loc_13,33.8656337,35.5633906,2,2,34.11401882
247,-65,6.5,868500000,-65,85,loc_13,33.8656337,35.5633906,2,2,34.11401882
248,-69,9,868100000,-69,89,loc_13,33.8656337,35.5633906,2,2,34.11401882
249,-65,9,868300000,-65,85,loc_13,33.8656337,35.5633906,2,2,34.11401882
250,-65,8,868500000,-65,85,loc_13,33.8656337,35.5633906,2,2,34.11401882
251,-67,7.5,868500000,-67,87,loc_13,33.8656337,35.5633906,2,2,34.11401882
252,-68,10,868100000,-68,88,loc_13,33.8656337,35.5633906,2,2,34.11401882
253,-66,7.5,868500000,-66,86,loc_13,33.8656337,35.5633906,2,2,34.11401882
254,-88,7.8,868500000,-88,108,loc_14,33.8656837,35.5632446,3,3,47.83448969
255,-99,10,868100000,-99,119,loc_14,33.8656837,35.5632446,3,3,47.83448969
256,-101,9.2,868100000,-101,121,loc_14,33.8656837,35.5632446,3,3,47.83448969
257,-91,10,868100000,-91,111,loc_14,33.8656837,35.5632446,3,3,47.83448969
258,-99,6.8,868500000,-99,119,loc_14,33.8656837,35.5632446,3,3,47.83448969
259,-89,6.8,868500000,-89,109,loc_14,33.8656837,35.5632446,3,3,47.83448969
260,-95,8.8,868100000,-95,115,loc_14,33.8656837,35.5632446,3,3,47.83448969
261,-93,8.5,868500000,-93,113,loc_14,33.8656837,35.5632446,3,3,47.83448969
262,-102,6.8,868500000,-102,122,loc_14,33.8656837,35.5632446,3,3,47.83448969
263,-101,8.2,868300000,-101,121,loc_14,33.8656837,35.5632446,3,3,47.83448969
264,-101,9.2,868300000,-101,121,loc_14,33.8656837,35.5632446,3,3,47.83448969
265,-87,7,868500000,-87,107,loc_14,33.8656837,35.5632446,3,3,47.83448969
266,-93,8.2,868500000,-93,113,loc_14,33.8656837,35.5632446,3,3,47.83448969
267,-95,9,868100000,-95,115,loc_14,33.8656837,35.5632446,3,3,47.83448969
268,-96,9,868100000,-96,116,loc_14,33.8656837,35.5632446,3,3,47.83448969
269,-95,8.2,868300000,-95,115,loc_14,33.8656837,35.5632446,3,3,47.83448969
270,-94,9.5,868100000,-94,114,loc_14,33.8656837,35.5632446,3,3,47.83448969
271,-89,10.5,868300000,-89,109,loc_14,33.8656837,35.5632446,3,3,47.83448969
272,-108,7.8,868300000,-108,128,loc_14,33.8656837,35.5632446,3,3,47.83448969
273,-85,9,868300000,-85,105,loc_14,33.8656837,35.5632446,3,3,47.83448969
274,-96,9.2,868300000,-96,116,loc_15,33.8656314,35.5631648,3,3,54.96333509
275,-95,7.5,868500000,-95,115,loc_15,33.8656314,35.5631648,3,3,54.96333509
276,-99,6.8,868500000,-99,119,loc_15,33.8656314,35.5631648,3,3,54.96333509
277,-95,8,868300000,-95,115,loc_15,33.8656314,35.5631648,3,3,54.96333509
278,-93,6.8,868500000,-93,113,loc_15,33.8656314,35.5631648,3,3,54.96333509
279,-92,7.2,868500000,-92,112,loc_15,33.8656314,35.5631648,3,3,54.96333509
280,-94,3.5,868500000,-94,114,loc_15,33.8656314,35.5631648,3,3,54.96333509
281,-97,9.8,868300000,-97,117,loc_15,33.8656314,35.5631648,3,3,54.96333509
282,-91,9.5,868100000,-91,111,loc_15,33.8656314,35.5631648,3,3,54.96333509
283,-96,9.5,868300000,-96,116,loc_15,33.8656314,35.5631648,3,3,54.96333509
284,-102,2.2,868300000,-102,122,loc_15,33.8656314,35.5631648,3,3,54.96333509
285,-92,9.8,868100000,-92,112,loc_15,33.8656314,35.5631648,3,3,54.96333509
286,-105,7.5,868500000,-105,125,loc_15,33.8656314,35.5631648,3,3,54.96333509
287,-108,6,868300000,-108,128,loc_15,33.8656314,35.5631648,3,3,54.96333509
288,-94,10.2,868300000,-94,114,loc_15,33.8656314,35.5631648,3,3,54.96333509
289,-96,10.2,868100000,-96,116,loc_15,33.8656314,35.5631648,3,3,54.96333509
290,-94,8.8,868500000,-94,114,loc_15,33.8656314,35.5631648,3,3,54.96333509
291,-91,10,868100000,-91,111,loc_15,33.8656314,35.5631648,3,3,54.96333509
292,-93,5.8,868500000,-93,113,loc_15,33.8656314,35.5631648,3,3,54.96333509
293,-92,10.5,868300000,-92,112,loc_15,33.8656314,35.5631648,3,3,54.96333509
294,-88,10.5,868100000,-88,108,loc_16,33.8656275,35.5629387,3,1,75.84364346
295,-89,10,868100000,-89,109,loc_16,33.8656275,35.5629387,3,1,75.84364346
296,-88,10,868100000,-88,108,loc_16,33.8656275,35.5629387,3,1,75.84364346
297,-85,8,868500000,-85,105,loc_16,33.8656275,35.5629387,3,1,75.84364346
298,-87,10.2,868300000,-87,107,loc_16,33.8656275,35.5629387,3,1,75.84364346
299,-88,9.8,868100000,-88,108,loc_16,33.8656275,35.5629387,3,1,75.84364346
300,-91,9,868100000,-91,111,loc_16,33.8656275,35.5629387,3,1,75.84364346
301,-85,8.2,868500000,-85,105,loc_16,33.8656275,35.5629387,3,1,75.84364346
302,-89,10,868300000,-89,109,loc_16,33.8656275,35.5629387,3,1,75.84364346
303,-88,10.5,868100000,-88,108,loc_16,33.8656275,35.5629387,3,1,75.84364346
304,-85,8,868500000,-85,105,loc_16,33.8656275,35.5629387,3,1,75.84364346
305,-88,10.2,868100000,-88,108,loc_16,33.8656275,35.5629387,3,1,75.84364346
306,-90,9.8,868100000,-90,110,loc_16,33.8656275,35.5629387,3,1,75.84364346
307,-86,9.5,868300000,-86,106,loc_16,33.8656275,35.5629387,3,1,75.84364346
308,-89,9.2,868500000,-89,109,loc_16,33.8656275,35.5629387,3,1,75.84364346
309,-87,8.2,868500000,-87,107,loc_16,33.8656275,35.5629387,3,1,75.84364346
310,-88,10.5,868300000,-88,108,loc_16,33.8656275,35.5629387,3,1,75.84364346
311,-86,10.2,868300000,-86,106,loc_16,33.8656275,35.5629387,3,1,75.84364346
312,-89,10.5,868300000,-89,109,loc_16,33.8656275,35.5629387,3,1,75.84364346
313,-89,10.5,868100000,-89,109,loc_16,33.8656275,35.5629387,3,1,75.84364346
314,-97,9.8,868100000,-97,117,loc_17,33.865619,35.5628387,4,2,85.09598847
315,-97,6.2,868300000,-97,117,loc_17,33.865619,35.5628387,4,2,85.09598847
316,-100,8.2,868300000,-100,120,loc_17,33.865619,35.5628387,4,2,85.09598847
317,-97,6.5,868300000,-97,117,loc_17,33.865619,35.5628387,4,2,85.09598847
318,-99,7.2,868500000,-99,119,loc_17,33.865619,35.5628387,4,2,85.09598847
319,-98,9.2,868100000,-98,118,loc_17,33.865619,35.5628387,4,2,85.09598847
320,-97,6.2,868500000,-97,117,loc_17,33.865619,35.5628387,4,2,85.09598847
321,-99,9,868100000,-99,119,loc_17,33.865619,35.5628387,4,2,85.09598847
322,-101,7.8,868500000,-101,121,loc_17,33.865619,35.5628387,4,2,85.09598847
323,-97,8,868300000,-97,117,loc_17,33.865619,35.5628387,4,2,85.09598847
324,-99,7.2,868500000,-99,119,loc_17,33.865619,35.5628387,4,2,85.09598847
325,-100,9.8,868100000,-100,120,loc_17,33.865619,35.5628387,4,2,85.09598847
326,-101,7.8,868500000,-101,121,loc_17,33.865619,35.5628387,4,2,85.09598847
327,-100,8.8,868100000,-100,120,loc_17,33.865619,35.5628387,4,2,85.09598847
328,-100,6.5,868300000,-100,120,loc_17,33.865619,35.5628387,4,2,85.09598847
329,-97,9.2,868300000,-97,117,loc_17,33.865619,35.5628387,4,2,85.09598847
330,-96,7.5,868500000,-96,116,loc_17,33.865619,35.5628387,4,2,85.09598847
331,-100,7.5,868500000,-100,120,loc_17,33.865619,35.5628387,4,2,85.09598847
332,-100,7,868500000,-100,120,loc_17,33.865619,35.5628387,4,2,85.09598847
333,-98,9.2,868100000,-98,118,loc_17,33.865619,35.5628387,4,2,85.09598847
334,-97,6.5,868500000,-97,117,loc_18,33.8656187,35.5627363,4,3,94.54824108
335,-102,9.2,868100000,-102,122,loc_18,33.8656187,35.5627363,4,3,94.54824108
336,-101,7,868500000,-101,121,loc_18,33.8656187,35.5627363,4,3,94.54824108
337,-99,9.2,868100000,-99,119,loc_18,33.8656187,35.5627363,4,3,94.54824108
338,-99,10,868300000,-99,119,loc_18,33.8656187,35.5627363,4,3,94.54824108
339,-100,9.2,868100000,-100,120,loc_18,33.8656187,35.5627363,4,3,94.54824108
340,-96,7.8,868300000,-96,116,loc_18,33.8656187,35.5627363,4,3,94.54824108
341,-99,8,868300000,-99,119,loc_18,33.8656187,35.5627363,4,3,94.54824108
342,-97,8.5,868300000,-97,117,loc_18,33.8656187,35.5627363,4,3,94.54824108
343,-103,9.5,868100000,-103,123,loc_18,33.8656187,35.5627363,4,3,94.54824108
344,-95,7.5,868500000,-95,115,loc_18,33.8656187,35.5627363,4,3,94.54824108
345,-96,6.5,868500000,-96,116,loc_18,33.8656187,35.5627363,4,3,94.54824108
346,-97,9,868100000,-97,117,loc_18,33.8656187,35.5627363,4,3,94.54824108
347,-99,9.2,868300000,-99,119,loc_18,33.8656187,35.5627363,4,3,94.54824108
348,-95,7,868500000,-95,115,loc_18,33.8656187,35.5627363,4,3,94.54824108
349,-98,8.8,868100000,-98,118,loc_18,33.8656187,35.5627363,4,3,94.54824108
350,-95,7,868100000,-95,115,loc_18,33.8656187,35.5627363,4,3,94.54824108
351,-99,8.8,868100000,-99,119,loc_18,33.8656187,35.5627363,4,3,94.54824108
352,-96,7.2,868500000,-96,116,loc_18,33.8656187,35.5627363,4,3,94.54824108
353,-93,9,868300000,-93,113,loc_19,33.8656756,35.5627073,4,3,97.27669586
354,-92,10.8,868100000,-92,112,loc_19,33.8656756,35.5627073,4,3,97.27669586
355,-93,9.5,868300000,-93,113,loc_19,33.8656756,35.5627073,4,3,97.27669586
356,-97,9,868100000,-97,117,loc_19,33.8656756,35.5627073,4,3,97.27669586
357,-101,8.2,868100000,-101,121,loc_19,33.8656756,35.5627073,4,3,97.27669586
358,-96,5.5,868500000,-96,116,loc_19,33.8656756,35.5627073,4,3,97.27669586
359,-88,7.8,868500000,-88,108,loc_19,33.8656756,35.5627073,4,3,97.27669586
360,-95,9.2,868100000,-95,115,loc_19,33.8656756,35.5627073,4,3,97.27669586
361,-90,8.2,868300000,-90,110,loc_19,33.8656756,35.5627073,4,3,97.27669586
362,-97,9,868500000,-97,117,loc_19,33.8656756,35.5627073,4,3,97.27669586
363,-95,7.8,868500000,-95,115,loc_19,33.8656756,35.5627073,4,3,97.27669586
364,-91,8.2,868500000,-91,111,loc_19,33.8656756,35.5627073,4,3,97.27669586
365,-91,7,868500000,-91,111,loc_19,33.8656756,35.5627073,4,3,97.27669586
366,-91,6.2,868500000,-91,111,loc_19,33.8656756,35.5627073,4,3,97.27669586
367,-92,8.2,868500000,-92,112,loc_19,33.8656756,35.5627073,4,3,97.27669586
368,-95,9.8,868300000,-95,115,loc_19,33.8656756,35.5627073,4,3,97.27669586
369,-90,8.5,868300000,-90,110,loc_19,33.8656756,35.5627073,4,3,97.27669586
370,-93,11.2,868100000,-93,113,loc_19,33.8656756,35.5627073,4,3,97.27669586
371,-96,8.5,868300000,-96,116,loc_19,33.8656756,35.5627073,4,3,97.27669586
372,-111,2.8,868500000,-111,131,loc_20,33.8653578,35.5628269,4,2,91.69020133
373,-106,3,868500000,-106,126,loc_20,33.8653578,35.5628269,4,2,91.69020133
374,-113,2,868300000,-113,133,loc_20,33.8653578,35.5628269,4,2,91.69020133
375,-114,0,868100000,-114,134,loc_20,33.8653578,35.5628269,4,2,91.69020133
376,-111,-8,868500000,-119,139,loc_20,33.8653578,35.5628269,4,2,91.69020133
377,-107,4,868500000,-107,127,loc_20,33.8653578,35.5628269,4,2,91.69020133
378,-109,4,868500000,-109,129,loc_20,33.8653578,35.5628269,4,2,91.69020133
379,-112,1,868100000,-112,132,loc_20,33.8653578,35.5628269,4,2,91.69020133
380,-109,0.5,868300000,-109,129,loc_20,33.8653578,35.5628269,4,2,91.69020133
381,-112,2.8,868100000,-112,132,loc_20,33.8653578,35.5628269,4,2,91.69020133
382,-109,0.8,868300000,-109,129,loc_20,33.8653578,35.5628269,4,2,91.69020133
383,-106,4,868500000,-106,126,loc_20,33.8653578,35.5628269,4,2,91.69020133
384,-105,4.5,868500000,-105,125,loc_20,33.8653578,35.5628269,4,2,91.69020133
385,-106,4.8,868500000,-106,126,loc_20,33.8653578,35.5628269,4,2,91.69020133
386,-108,1,868300000,-108,128,loc_20,33.8653578,35.5628269,4,2,91.69020133
387,-106,-0.5,868300000,-106.5,126.5,loc_20,33.8653578,35.5628269,4,2,91.69020133
388,-113,1.8,868100000,-113,133,loc_20,33.8653578,35.5628269,4,2,91.69020133
389,-105,5,868500000,-105,125,loc_20,33.8653578,35.5628269,4,2,91.69020133
390,-109,3,868100000,-109,129,loc_20,33.8653578,35.5628269,4,2,91.69020133
391,-109,-4,868100000,-113,133,loc_21,33.8653601,35.5630281,3,2,74.39944499
392,-115,3.5,868500000,-115,135,loc_21,33.8653601,35.5630281,3,2,74.39944499
393,-103,7.5,868300000,-103,123,loc_21,33.8653601,35.5630281,3,2,74.39944499
394,-111,-1.5,868500000,-112.5,132.5,loc_21,33.8653601,35.5630281,3,2,74.39944499
395,-106,9.5,868100000,-106,126,loc_21,33.8653601,35.5630281,3,2,74.39944499
396,-102,-0.2,868300000,-102.2,122.2,loc_21,33.8653601,35.5630281,3,2,74.39944499
397,-119,-9.8,868100000,-128.8,148.8,loc_21,33.8653601,35.5630281,3,2,74.39944499
398,-108,-12,868300000,-120,140,loc_21,33.8653601,35.5630281,3,2,74.39944499
399,-110,6,868500000,-110,130,loc_21,33.8653601,35.5630281,3,2,74.39944499
400,-104,-1.8,868300000,-105.8,125.8,loc_21,33.8653601,35.5630281,3,2,74.39944499
401,-103,4.8,868500000,-103,123,loc_21,33.8653601,35.5630281,3,2,74.39944499
402,-110,6.8,868300000,-110,130,loc_21,33.8653601,35.5630281,3,2,74.39944499
403,-101,9,868300000,-101,121,loc_21,33.8653601,35.5630281,3,2,74.39944499
404,-95,9.8,868100000,-95,115,loc_21,33.8653601,35.5630281,3,2,74.39944499
405,-102,6.2,868100000,-102,122,loc_21,33.8653601,35.5630281,3,2,74.39944499
406,-94,8,868500000,-94,114,loc_22,33.8653704,35.563205,3,2,59.36814916
407,-101,4,868300000,-101,121,loc_22,33.8653704,35.563205,3,2,59.36814916
408,-101,6.2,868300000,-101,121,loc_22,33.8653704,35.563205,3,2,59.36814916
409,-99,8.8,868100000,-99,119,loc_22,33.8653704,35.563205,3,2,59.36814916
410,-107,6.8,868500000,-107,127,loc_22,33.8653704,35.563205,3,2,59.36814916
411,-101,1.8,868500000,-101,121,loc_22,33.8653704,35.563205,3,2,59.36814916
412,-102,8.5,868100000,-102,122,loc_22,33.8653704,35.563205,3,2,59.36814916
413,-99,3.2,868300000,-99,119,loc_22,33.8653704,35.563205,3,2,59.36814916
414,-101,8.5,868100000,-101,121,loc_22,33.8653704,35.563205,3,2,59.36814916
415,-100,6.5,868500000,-100,120,loc_22,33.8653704,35.563205,3,2,59.36814916
416,-101,8,868100000,-101,121,loc_22,33.8653704,35.563205,3,2,59.36814916
417,-101,8.5,868100000,-101,121,loc_22,33.8653704,35.563205,3,2,59.36814916
418,-100,7.5,868100000,-100,120,loc_22,33.8653704,35.563205,3,2,59.36814916
419,-102,9,868100000,-102,122,loc_22,33.8653704,35.563205,3,2,59.36814916
420,-103,7.5,868100000,-103,123,loc_22,33.8653704,35.563205,3,2,59.36814916
421,-101,6.2,868500000,-101,121,loc_22,33.8653704,35.563205,3,2,59.36814916
422,-101,2.5,868300000,-101,121,loc_22,33.8653704,35.563205,3,2,59.36814916
423,-105,4.8,868500000,-105,125,loc_22,33.8653704,35.563205,3,2,59.36814916
424,-101,8.8,868100000,-101,121,loc_22,33.8653704,35.563205,3,2,59.36814916
425,-100,5.8,868500000,-100,120,loc_22,33.8653704,35.563205,3,2,59.36814916
426,-87,9.8,868100000,-87,107,loc_23,33.8653862,35.5633743,2,2,45.43836367
427,-89,8.2,868500000,-89,109,loc_23,33.8653862,35.5633743,2,2,45.43836367
428,-91,8,868500000,-91,111,loc_23,33.8653862,35.5633743,2,2,45.43836367
429,-93,10.2,868100000,-93,113,loc_23,33.8653862,35.5633743,2,2,45.43836367
430,-91,9.2,868100000,-91,111,loc_23,33.8653862,35.5633743,2,2,45.43836367
431,-90,9.5,868100000,-90,110,loc_23,33.8653862,35.5633743,2,2,45.43836367
432,-91,8,868100000,-91,111,loc_23,33.8653862,35.5633743,2,2,45.43836367
433,-88,7.5,868300000,-88,108,loc_23,33.8653862,35.5633743,2,2,45.43836367
434,-88,8.8,868300000,-88,108,loc_23,33.8653862,35.5633743,2,2,45.43836367
435,-89,10,868100000,-89,109,loc_23,33.8653862,35.5633743,2,2,45.43836367
436,-87,8.2,868500000,-87,107,loc_23,33.8653862,35.5633743,2,2,45.43836367
437,-90,9.5,868100000,-90,110,loc_23,33.8653862,35.5633743,2,2,45.43836367
438,-90,8.8,868300000,-90,110,loc_23,33.8653862,35.5633743,2,2,45.43836367
439,-88,9,868300000,-88,108,loc_23,33.8653862,35.5633743,2,2,45.43836367
440,-87,8,868300000,-87,107,loc_23,33.8653862,35.5633743,2,2,45.43836367
441,-88,10,868100000,-88,108,loc_23,33.8653862,35.5633743,2,2,45.43836367
442,-88,10.5,868300000,-88,108,loc_23,33.8653862,35.5633743,2,2,45.43836367
443,-87,7.2,868500000,-87,107,loc_23,33.8653862,35.5633743,2,2,45.43836367
444,-89,10,868300000,-89,109,loc_23,33.8653862,35.5633743,2,2,45.43836367
445,-85,9.5,868300000,-85,105,loc_23,33.8653862,35.5633743,2,2,45.43836367
446,-81,10.2,868100000,-81,101,loc_24,33.8653893,35.5635372,2,2,34.64503523
447,-82,8,868500000,-82,102,loc_24,33.8653893,35.5635372,2,2,34.64503523
448,-85,8.5,868500000,-85,105,loc_24,33.8653893,35.5635372,2,2,34.64503523
449,-100,2.8,868500000,-100,120,loc_24,33.8653893,35.5635372,2,2,34.64503523
450,-83,8.8,868100000,-83,103,loc_24,33.8653893,35.5635372,2,2,34.64503523
451,-83,8,868500000,-83,103,loc_24,33.8653893,35.5635372,2,2,34.64503523
452,-87,10.2,868100000,-87,107,loc_24,33.8653893,35.5635372,2,2,34.64503523
453,-82,8.2,868500000,-82,102,loc_24,33.8653893,35.5635372,2,2,34.64503523
454,-85,10.2,868100000,-85,105,loc_24,33.8653893,35.5635372,2,2,34.64503523
455,-81,8.2,868500000,-81,101,loc_24,33.8653893,35.5635372,2,2,34.64503523
456,-83,9.2,868300000,-83,103,loc_24,33.8653893,35.5635372,2,2,34.64503523
457,-83,9,868300000,-83,103,loc_24,33.8653893,35.5635372,2,2,34.64503523
458,-85,7.8,868100000,-85,105,loc_24,33.8653893,35.5635372,2,2,34.64503523
459,-88,9.5,868300000,-88,108,loc_24,33.8653893,35.5635372,2,2,34.64503523
460,-93,9.5,868100000,-93,113,loc_24,33.8653893,35.5635372,2,2,34.64503523
461,-83,8.5,868100000,-83,103,loc_24,33.8653893,35.5635372,2,2,34.64503523
462,-82,9.8,868100000,-82,102,loc_24,33.8653893,35.5635372,2,2,34.64503523
463,-78,7.5,868500000,-78,98,loc_24,33.8653893,35.5635372,2,2,34.64503523
464,-78,8.2,868500000,-78,98,loc_24,33.8653893,35.5635372,2,2,34.64503523
465,-87,10,868300000,-87,107,loc_25,33.8653953,35.5637258,2,2,27.39201435
466,-84,9.5,868500000,-84,104,loc_25,33.8653953,35.5637258,2,2,27.39201435
467,-93,8.8,868500000,-93,113,loc_25,33.8653953,35.5637258,2,2,27.39201435
468,-88,9.8,868100000,-88,108,loc_25,33.8653953,35.5637258,2,2,27.39201435
469,-91,10.8,868100000,-91,111,loc_25,33.8653953,35.5637258,2,2,27.39201435
470,-88,11.2,868100000,-88,108,loc_25,33.8653953,35.5637258,2,2,27.39201435
471,-91,9.5,868500000,-91,111,loc_25,33.8653953,35.5637258,2,2,27.39201435
472,-88,9.2,868500000,-88,108,loc_25,33.8653953,35.5637258,2,2,27.39201435
473,-84,10.2,868300000,-84,104,loc_25,33.8653953,35.5637258,2,2,27.39201435
474,-93,5.2,868300000,-93,113,loc_25,33.8653953,35.5637258,2,2,27.39201435
475,-83,8,868500000,-83,103,loc_25,33.8653953,35.5637258,2,2,27.39201435
476,-94,9.8,868100000,-94,114,loc_25,33.8653953,35.5637258,2,2,27.39201435
477,-91,8,868500000,-91,111,loc_25,33.8653953,35.5637258,2,2,27.39201435
478,-103,9.2,868100000,-103,123,loc_25,33.8653953,35.5637258,2,2,27.39201435
479,-87,9.5,868500000,-87,107,loc_25,33.8653953,35.5637258,2,2,27.39201435
480,-102,9.5,868500000,-102,122,loc_25,33.8653953,35.5637258,2,2,27.39201435
481,-84,7.5,868300000,-84,104,loc_25,33.8653953,35.5637258,2,2,27.39201435
482,-95,10.5,868100000,-95,115,loc_25,33.8653953,35.5637258,2,2,27.39201435
483,-89,10.5,868100000,-89,109,loc_25,33.8653953,35.5637258,2,2,27.39201435
484,-92,7.8,868500000,-92,112,loc_25,33.8653953,35.5637258,2,2,27.39201435
485,-73,11,868100000,-73,93,loc_26,33.8653975,35.5638354,2,2,27.84895522
486,-89,9.8,868100000,-89,109,loc_26,33.8653975,35.5638354,2,2,27.84895522
487,-88,8.8,868100000,-88,108,loc_26,33.8653975,35.5638354,2,2,27.84895522
488,-77,9,868300000,-77,97,loc_26,33.8653975,35.5638354,2,2,27.84895522
489,-88,10.2,868100000,-88,108,loc_26,33.8653975,35.5638354,2,2,27.84895522
490,-87,9.8,868100000,-87,107,loc_26,33.8653975,35.5638354,2,2,27.84895522
491,-83,7.2,868500000,-83,103,loc_26,33.8653975,35.5638354,2,2,27.84895522
492,-78,8.8,868100000,-78,98,loc_26,33.8653975,35.5638354,2,2,27.84895522
493,-79,7.8,868500000,-79,99,loc_26,33.8653975,35.5638354,2,2,27.84895522
494,-83,8.2,868500000,-83,103,loc_26,33.8653975,35.5638354,2,2,27.84895522
495,-87,8.5,868500000,-87,107,loc_26,33.8653975,35.5638354,2,2,27.84895522
496,-95,9.5,868300000,-95,115,loc_26,33.8653975,35.5638354,2,2,27.84895522
497,-78,9.8,868300000,-78,98,loc_26,33.8653975,35.5638354,2,2,27.84895522
498,-83,9.5,868300000,-83,103,loc_26,33.8653975,35.5638354,2,2,27.84895522
499,-86,10,868100000,-86,106,loc_26,33.8653975,35.5638354,2,2,27.84895522
500,-76,10.5,868100000,-76,96,loc_26,33.8653975,35.5638354,2,2,27.84895522
501,-81,10,868100000,-81,101,loc_26,33.8653975,35.5638354,2,2,27.84895522
502,-77,7.8,868500000,-77,97,loc_26,33.8653975,35.5638354,2,2,27.84895522
503,-81,9.8,868100000,-81,101,loc_26,33.8653975,35.5638354,2,2,27.84895522
504,-57,10.2,868100000,-57,77,loc_44,33.8655687,35.5637937,1,1,8.516922459
505,-53,7.8,868100000,-53,73,loc_44,33.8655687,35.5637937,1,1,8.516922459
506,-53,8.8,868100000,-53,73,loc_44,33.8655687,35.5637937,1,1,8.516922459
507,-54,7.2,868500000,-54,74,loc_44,33.8655687,35.5637937,1,1,8.516922459
508,-54,7.8,868500000,-54,74,loc_44,33.8655687,35.5637937,1,1,8.516922459
509,-52,8.2,868500000,-52,72,loc_44,33.8655687,35.5637937,1,1,8.516922459
510,-55,8,868500000,-55,75,loc_44,33.8655687,35.5637937,1,1,8.516922459
511,-53,9.5,868300000,-53,73,loc_44,33.8655687,35.5637937,1,1,8.516922459
512,-55,8.5,868500000,-55,75,loc_44,33.8655687,35.5637937,1,1,8.516922459
513,-51,8.2,868500000,-51,71,loc_44,33.8655687,35.5637937,1,1,8.516922459
514,-54,11.8,868300000,-54,74,loc_44,33.8655687,35.5637937,1,1,8.516922459
515,-52,8.8,868500000,-52,72,loc_44,33.8655687,35.5637937,1,1,8.516922459
516,-53,10.2,868100000,-53,73,loc_44,33.8655687,35.5637937,1,1,8.516922459
517,-59,10.8,868300000,-59,79,loc_44,33.8655687,35.5637937,1,1,8.516922459
518,-57,8.8,868100000,-57,77,loc_44,33.8655687,35.5637937,1,1,8.516922459
519,-53,8.5,868500000,-53,73,loc_44,33.8655687,35.5637937,1,1,8.516922459
520,-54,9.2,868100000,-54,74,loc_44,33.8655687,35.5637937,1,1,8.516922459
521,-53,8.5,868500000,-53,73,loc_44,33.8655687,35.5637937,1,1,8.516922459
522,-53,9.8,868100000,-53,73,loc_44,33.8655687,35.5637937,1,1,8.516922459
523,-52,8,868500000,-52,72,loc_44,33.8655687,35.5637937,1,1,8.516922459
524,-64,10.8,868100000,-64,84,loc_45,33.8654289,35.5638032,1,1,23.80972384
525,-61,10.8,868300000,-61,81,loc_45,33.8654289,35.5638032,1,1,23.80972384
526,-63,10.8,868100000,-63,83,loc_45,33.8654289,35.5638032,1,1,23.80972384
527,-59,7.2,868500000,-59,79,loc_45,33.8654289,35.5638032,1,1,23.80972384
528,-61,6.8,868500000,-61,81,loc_45,33.8654289,35.5638032,1,1,23.80972384
529,-60,8,868300000,-60,80,loc_45,33.8654289,35.5638032,1,1,23.80972384
530,-63,9.2,868300000,-63,83,loc_45,33.8654289,35.5638032,1,1,23.80972384
531,-61,8.2,868500000,-61,81,loc_45,33.8654289,35.5638032,1,1,23.80972384
532,-63,8.2,868500000,-63,83,loc_45,33.8654289,35.5638032,1,1,23.80972384
533,-61,10.5,868100000,-61,81,loc_45,33.8654289,35.5638032,1,1,23.80972384
534,-61,9.8,868100000,-61,81,loc_45,33.8654289,35.5638032,1,1,23.80972384
535,-60,6.2,868500000,-60,80,loc_45,33.8654289,35.5638032,1,1,23.80972384
536,-65,10.5,868100000,-65,85,loc_45,33.8654289,35.5638032,1,1,23.80972384
537,-61,9,868300000,-61,81,loc_45,33.8654289,35.5638032,1,1,23.80972384
538,-61,9.2,868300000,-61,81,loc_45,33.8654289,35.5638032,1,1,23.80972384
539,-61,10.5,868100000,-61,81,loc_45,33.8654289,35.5638032,1,1,23.80972384
540,-60,6.5,868500000,-60,80,loc_45,33.8654289,35.5638032,1,1,23.80972384
541,-62,10.2,868300000,-62,82,loc_45,33.8654289,35.5638032,1,1,23.80972384
542,-64,9.8,868100000,-64,84,loc_45,33.8654289,35.5638032,1,1,23.80972384
543,-62,8.2,868500000,-62,82,loc_45,33.8654289,35.5638032,1,1,23.80972384
544,-63,9.5,868300000,-63,83,loc_46,33.8655636,35.5635676,1,1,19.69118092
545,-61,8.2,868500000,-61,81,loc_46,33.8655636,35.5635676,1,1,19.69118092
546,-64,11,868100000,-64,84,loc_46,33.8655636,35.5635676,1,1,19.69118092
547,-60,10.2,868300000,-60,80,loc_46,33.8655636,35.5635676,1,1,19.69118092
548,-60,7.8,868500000,-60,80,loc_46,33.8655636,35.5635676,1,1,19.69118092
549,-63,7.5,868500000,-63,83,loc_46,33.8655636,35.5635676,1,1,19.69118092
550,-64,8.2,868500000,-64,84,loc_46,33.8655636,35.5635676,1,1,19.69118092
551,-61,8,868100000,-61,81,loc_46,33.8655636,35.5635676,1,1,19.69118092
552,-63,8.2,868100000,-63,83,loc_46,33.8655636,35.5635676,1,1,19.69118092
553,-59,8,868500000,-59,79,loc_46,33.8655636,35.5635676,1,1,19.69118092
554,-61,10.2,868300000,-61,81,loc_46,33.8655636,35.5635676,1,1,19.69118092
555,-60,8.2,868100000,-60,80,loc_46,33.8655636,35.5635676,1,1,19.69118092
556,-65,7.5,868500000,-65,85,loc_46,33.8655636,35.5635676,1,1,19.69118092
557,-61,9.5,868300000,-61,81,loc_46,33.8655636,35.5635676,1,1,19.69118092
558,-65,10.2,868100000,-65,85,loc_46,33.8655636,35.5635676,1,1,19.69118092
559,-62,7,868500000,-62,82,loc_46,33.8655636,35.5635676,1,1,19.69118092
560,-61,9,868300000,-61,81,loc_46,33.8655636,35.5635676,1,1,19.69118092
561,-60,9,868300000,-60,80,loc_46,33.8655636,35.5635676,1,1,19.69118092
562,-62,9.8,868100000,-62,82,loc_46,33.8655636,35.5635676,1,1,19.69118092
563,-61,10,868100000,-61,81,loc_46,33.8655636,35.5635676,1,1,19.69118092
564,-72,10.5,868100000,-72,92,loc_47,33.8654251,35.5635748,1,2,29.38375478
565,-69,8.2,868500000,-69,89,loc_47,33.8654251,35.5635748,1,2,29.38375478
566,-72,9.8,868300000,-72,92,loc_47,33.8654251,35.5635748,1,2,29.38375478
567,-67,11.2,868300000,-67,87,loc_47,33.8654251,35.5635748,1,2,29.38375478
568,-70,9.8,868100000,-70,90,loc_47,33.8654251,35.5635748,1,2,29.38375478
569,-70,10,868100000,-70,90,loc_47,33.8654251,35.5635748,1,2,29.38375478
570,-71,10.8,868100000,-71,91,loc_47,33.8654251,35.5635748,1,2,29.38375478
571,-69,10,868100000,-69,89,loc_47,33.8654251,35.5635748,1,2,29.38375478
572,-69,8.8,868500000,-69,89,loc_47,33.8654251,35.5635748,1,2,29.38375478
573,-68,8,868500000,-68,88,loc_47,33.8654251,35.5635748,1,2,29.38375478
574,-71,10.2,868300000,-71,91,loc_47,33.8654251,35.5635748,1,2,29.38375478
575,-68,9.5,868300000,-68,88,loc_47,33.8654251,35.5635748,1,2,29.38375478
576,-71,8,868500000,-71,91,loc_47,33.8654251,35.5635748,1,2,29.38375478
577,-69,10,868100000,-69,89,loc_47,33.8654251,35.5635748,1,2,29.38375478
578,-71,10,868300000,-71,91,loc_47,33.8654251,35.5635748,1,2,29.38375478
579,-68,8.5,868500000,-68,88,loc_47,33.8654251,35.5635748,1,2,29.38375478
580,-70,9.8,868100000,-70,90,loc_47,33.8654251,35.5635748,1,2,29.38375478
581,-68,10.8,868300000,-68,88,loc_47,33.8654251,35.5635748,1,2,29.38375478
582,-71,9.5,868300000,-71,91,loc_47,33.8654251,35.5635748,1,2,29.38375478
583,-70,9.2,868300000,-70,90,loc_47,33.8654251,35.5635748,1,2,29.38375478
584,-87,8.8,868500000,-87,107,loc_48,33.8655546,35.5633365,1,2,40.23847201
585,-79,10,868100000,-79,99,loc_48,33.8655546,35.5633365,1,2,40.23847201
586,-90,9.8,868300000,-90,110,loc_48,33.8655546,35.5633365,1,2,40.23847201
587,-89,9.5,868100000,-89,109,loc_48,33.8655546,35.5633365,1,2,40.23847201
588,-85,8,868500000,-85,105,loc_48,33.8655546,35.5633365,1,2,40.23847201
589,-96,7,868300000,-96,116,loc_48,33.8655546,35.5633365,1,2,40.23847201
590,-101,6.8,868500000,-101,121,loc_48,33.8655546,35.5633365,1,2,40.23847201
591,-95,7.5,868500000,-95,115,loc_48,33.8655546,35.5633365,1,2,40.23847201
592,-91,7.5,868100000,-91,111,loc_48,33.8655546,35.5633365,1,2,40.23847201
593,-86,7.2,868500000,-86,106,loc_48,33.8655546,35.5633365,1,2,40.23847201
594,-106,9.8,868100000,-106,126,loc_48,33.8655546,35.5633365,1,2,40.23847201
595,-86,7.5,868500000,-86,106,loc_48,33.8655546,35.5633365,1,2,40.23847201
596,-93,9,868300000,-93,113,loc_48,33.8655546,35.5633365,1,2,40.23847201
597,-88,7.5,868500000,-88,108,loc_48,33.8655546,35.5633365,1,2,40.23847201
598,-95,7.2,868300000,-95,115,loc_48,33.8655546,35.5633365,1,2,40.23847201
599,-83,8.8,868300000,-83,103,loc_48,33.8655546,35.5633365,1,2,40.23847201
600,-86,8.5,868300000,-86,106,loc_48,33.8655546,35.5633365,1,2,40.23847201
601,-86,7.8,868500000,-86,106,loc_48,33.8655546,35.5633365,1,2,40.23847201
602,-87,6,868500000,-87,107,loc_48,33.8655546,35.5633365,1,2,40.23847201
603,-85,10,868100000,-85,105,loc_48,33.8655546,35.5633365,1,2,40.23847201
604,-93,10.5,868300000,-93,113,loc_49,33.8654207,35.5633372,1,2,46.02762669
605,-90,8,868100000,-90,110,loc_49,33.8654207,35.5633372,1,2,46.02762669
606,-91,9.5,868300000,-91,111,loc_49,33.8654207,35.5633372,1,2,46.02762669
607,-89,9.2,868300000,-89,109,loc_49,33.8654207,35.5633372,1,2,46.02762669
608,-90,6.5,868500000,-90,110,loc_49,33.8654207,35.5633372,1,2,46.02762669
609,-91,8.2,868100000,-91,111,loc_49,33.8654207,35.5633372,1,2,46.02762669
610,-97,8,868500000,-97,117,loc_49,33.8654207,35.5633372,1,2,46.02762669
611,-88,8,868300000,-88,108,loc_49,33.8654207,35.5633372,1,2,46.02762669
612,-91,9,868300000,-91,111,loc_49,33.8654207,35.5633372,1,2,46.02762669
613,-95,8.8,868100000,-95,115,loc_49,33.8654207,35.5633372,1,2,46.02762669
614,-93,9.2,868100000,-93,113,loc_49,33.8654207,35.5633372,1,2,46.02762669
615,-97,9,868100000,-97,117,loc_49,33.8654207,35.5633372,1,2,46.02762669
616,-94,7,868500000,-94,114,loc_49,33.8654207,35.5633372,1,2,46.02762669
617,-99,8.2,868100000,-99,119,loc_49,33.8654207,35.5633372,1,2,46.02762669
618,-91,8.5,868100000,-91,111,loc_49,33.8654207,35.5633372,1,2,46.02762669
619,-94,9,868100000,-94,114,loc_49,33.8654207,35.5633372,1,2,46.02762669
620,-90,8.2,868300000,-90,110,loc_49,33.8654207,35.5633372,1,2,46.02762669
621,-94,9.2,868100000,-94,114,loc_49,33.8654207,35.5633372,1,2,46.02762669
622,-86,9.2,868100000,-86,106,loc_49,33.8654207,35.5633372,1,2,46.02762669
623,-59,10.5,868100000,-59,79,loc_50,33.8656032,35.5638148,2,1,6.507291456
624,-54,7.5,868500000,-54,74,loc_50,33.8656032,35.5638148,2,1,6.507291456
625,-58,9,868100000,-58,78,loc_50,33.8656032,35.5638148,2,1,6.507291456
626,-62,7.2,868500000,-62,82,loc_50,33.8656032,35.5638148,2,1,6.507291456
627,-60,9.2,868300000,-60,80,loc_50,33.8656032,35.5638148,2,1,6.507291456
628,-68,8,868500000,-68,88,loc_50,33.8656032,35.5638148,2,1,6.507291456
629,-59,9,868300000,-59,79,loc_50,33.8656032,35.5638148,2,1,6.507291456
630,-59,10.8,868100000,-59,79,loc_50,33.8656032,35.5638148,2,1,6.507291456
631,-59,8.2,868500000,-59,79,loc_50,33.8656032,35.5638148,2,1,6.507291456
632,-63,10.8,868100000,-63,83,loc_50,33.8656032,35.5638148,2,1,6.507291456
633,-60,9.8,868100000,-60,80,loc_50,33.8656032,35.5638148,2,1,6.507291456
634,-59,10.8,868300000,-59,79,loc_50,33.8656032,35.5638148,2,1,6.507291456
635,-59,7.5,868500000,-59,79,loc_50,33.8656032,35.5638148,2,1,6.507291456
636,-60,9,868100000,-60,80,loc_50,33.8656032,35.5638148,2,1,6.507291456
637,-60,9.2,868100000,-60,80,loc_50,33.8656032,35.5638148,2,1,6.507291456
638,-59,7.8,868500000,-59,79,loc_50,33.8656032,35.5638148,2,1,6.507291456
639,-59,10,868100000,-59,79,loc_50,33.8656032,35.5638148,2,1,6.507291456
640,-58,9.8,868300000,-58,78,loc_50,33.8656032,35.5638148,2,1,6.507291456
641,-59,9.5,868300000,-59,79,loc_50,33.8656032,35.5638148,2,1,6.507291456
642,-101,8.8,868100000,-101,121,loc_51,33.8655547,35.5633371,2,3,40.18201444
643,-88,10.5,868100000,-88,108,loc_51,33.8655547,35.5633371,2,3,40.18201444
644,-93,9.2,868300000,-93,113,loc_51,33.8655547,35.5633371,2,3,40.18201444
645,-91,9.8,868300000,-91,111,loc_51,33.8655547,35.5633371,2,3,40.18201444
646,-90,8.5,868300000,-90,110,loc_51,33.8655547,35.5633371,2,3,40.18201444
647,-87,10.8,868300000,-87,107,loc_51,33.8655547,35.5633371,2,3,40.18201444
648,-88,7.2,868500000,-88,108,loc_51,33.8655547,35.5633371,2,3,40.18201444
649,-94,9.2,868100000,-94,114,loc_51,33.8655547,35.5633371,2,3,40.18201444
650,-88,8.2,868500000,-88,108,loc_51,33.8655547,35.5633371,2,3,40.18201444
651,-89,9.2,868300000,-89,109,loc_51,33.8655547,35.5633371,2,3,40.18201444
652,-93,9.5,868300000,-93,113,loc_51,33.8655547,35.5633371,2,3,40.18201444
653,-87,9.2,868100000,-87,107,loc_51,33.8655547,35.5633371,2,3,40.18201444
654,-93,10.2,868100000,-93,113,loc_51,33.8655547,35.5633371,2,3,40.18201444
655,-88,10.8,868300000,-88,108,loc_51,33.8655547,35.5633371,2,3,40.18201444
656,-89,7.8,868500000,-89,109,loc_51,33.8655547,35.5633371,2,3,40.18201444
657,-86,9.5,868300000,-86,106,loc_51,33.8655547,35.5633371,2,3,40.18201444
658,-89,8.2,868100000,-89,109,loc_51,33.8655547,35.5633371,2,3,40.18201444
659,-90,8.8,868100000,-90,110,loc_51,33.8655547,35.5633371,2,3,40.18201444
660,-94,8.8,868100000,-94,114,loc_51,33.8655547,35.5633371,2,3,40.18201444
661,-90,6.8,868500000,-90,110,loc_51,33.8655547,35.5633371,2,3,40.18201444
662,-97,8.2,868500000,-97,117,loc_52,33.8654915,35.5633347,2,3,42.59866711
663,-89,10.5,868300000,-89,109,loc_52,33.8654915,35.5633347,2,3,42.59866711
664,-91,9.5,868100000,-91,111,loc_52,33.8654915,35.5633347,2,3,42.59866711
665,-89,9.5,868300000,-89,109,loc_52,33.8654915,35.5633347,2,3,42.59866711
666,-93,10,868300000,-93,113,loc_52,33.8654915,35.5633347,2,3,42.59866711
667,-90,7.5,868500000,-90,110,loc_52,33.8654915,35.5633347,2,3,42.59866711
668,-93,9,868300000,-93,113,loc_52,33.8654915,35.5633347,2,3,42.59866711
669,-109,9.2,868300000,-109,129,loc_52,33.8654915,35.5633347,2,3,42.59866711
670,-66,9.5,868300000,-66,86,loc_53,33.8658198,35.5637808,2,1,20.08487402
671,-67,10,868100000,-67,87,loc_53,33.8658198,35.5637808,2,1,20.08487402
672,-68,7.5,868500000,-68,88,loc_53,33.8658198,35.5637808,2,1,20.08487402
673,-66,6.8,868500000,-66,86,loc_53,33.8658198,35.5637808,2,1,20.08487402
674,-63,8.5,868300000,-63,83,loc_53,33.8658198,35.5637808,2,1,20.08487402
675,-64,10.8,868300000,-64,84,loc_53,33.8658198,35.5637808,2,1,20.08487402
676,-65,10.2,868100000,-65,85,loc_53,33.8658198,35.5637808,2,1,20.08487402
677,-64,9.2,868100000,-64,84,loc_53,33.8658198,35.5637808,2,1,20.08487402
678,-65,12.2,868300000,-65,85,loc_53,33.8658198,35.5637808,2,1,20.08487402
679,-64,8,868500000,-64,84,loc_53,33.8658198,35.5637808,2,1,20.08487402
680,-65,9,868500000,-65,85,loc_53,33.8658198,35.5637808,2,1,20.08487402
681,-66,8.2,868500000,-66,86,loc_53,33.8658198,35.5637808,2,1,20.08487402
682,-69,7,868500000,-69,89,loc_53,33.8658198,35.5637808,2,1,20.08487402
683,-67,8.8,868300000,-67,87,loc_53,33.8658198,35.5637808,2,1,20.08487402
684,-67,9.2,868300000,-67,87,loc_53,33.8658198,35.5637808,2,1,20.08487402
685,-66,8,868500000,-66,86,loc_53,33.8658198,35.5637808,2,1,20.08487402
686,-67,10,868300000,-67,87,loc_53,33.8658198,35.5637808,2,1,20.08487402
687,-66,8.2,868500000,-66,86,loc_53,33.8658198,35.5637808,2,1,20.08487402
688,-68,10,868100000,-68,88,loc_53,33.8658198,35.5637808,2,1,20.08487402
689,-67,7.8,868500000,-67,87,loc_53,33.8658198,35.5637808,2,1,20.08487402
690,-60,10.2,868300000,-60,80,loc_57,33.8657162,35.5637865,2,0,8.819253525
691,-57,10,868100000,-57,77,loc_57,33.8657162,35.5637865,2,0,8.819253525
692,-55,8.2,868500000,-55,75,loc_57,33.8657162,35.5637865,2,0,8.819253525
693,-57,7,868500000,-57,77,loc_57,33.8657162,35.5637865,2,0,8.819253525
694,-67,7.5,868500000,-67,87,loc_57,33.8657162,35.5637865,2,0,8.819253525
695,-68,8.2,868500000,-68,88,loc_57,33.8657162,35.5637865,2,0,8.819253525
696,-66,9.8,868100000,-66,86,loc_57,33.8657162,35.5637865,2,0,8.819253525
697,-59,10.2,868100000,-59,79,loc_57,33.8657162,35.5637865,2,0,8.819253525
698,-60,8.5,868300000,-60,80,loc_57,33.8657162,35.5637865,2,0,8.819253525
699,-60,7.2,868500000,-60,80,loc_57,33.8657162,35.5637865,2,0,8.819253525
700,-60,8.2,868500000,-60,80,loc_57,33.8657162,35.5637865,2,0,8.819253525
701,-59,8.5,868300000,-59,79,loc_57,33.8657162,35.5637865,2,0,8.819253525
702,-61,9,868300000,-61,81,loc_57,33.8657162,35.5637865,2,0,8.819253525
703,-56,7.2,868500000,-56,76,loc_57,33.8657162,35.5637865,2,0,8.819253525
704,-57,10,868300000,-57,77,loc_57,33.8657162,35.5637865,2,0,8.819253525
705,-57,9.2,868300000,-57,77,loc_57,33.8657162,35.5637865,2,0,8.819253525
706,-60,7.2,868500000,-60,80,loc_57,33.8657162,35.5637865,2,0,8.819253525
707,-58,8.5,868300000,-58,78,loc_57,33.8657162,35.5637865,2,0,8.819253525
708,-59,9.5,868300000,-59,79,loc_57,33.8657162,35.5637865,2,0,8.819253525
709,-60,9.5,868300000,-60,80,loc_57,33.8657162,35.5637865,2,0,8.819253525
710,-66,8.5,868500000,-66,86,loc_58,33.8657161,35.5637868,3,0,8.816305186
711,-69,10.5,868100000,-69,89,loc_58,33.8657161,35.5637868,3,0,8.816305186
712,-68,7.2,868500000,-68,88,loc_58,33.8657161,35.5637868,3,0,8.816305186
713,-64,9.8,868300000,-64,84,loc_58,33.8657161,35.5637868,3,0,8.816305186
714,-70,11.5,868100000,-70,90,loc_58,33.8657161,35.5637868,3,0,8.816305186
715,-66,10.5,868300000,-66,86,loc_58,33.8657161,35.5637868,3,0,8.816305186
716,-69,9.8,868300000,-69,89,loc_58,33.8657161,35.5637868,3,0,8.816305186
717,-67,8.5,868500000,-67,87,loc_58,33.8657161,35.5637868,3,0,8.816305186
718,-72,9,868500000,-72,92,loc_58,33.8657161,35.5637868,3,0,8.816305186
719,-67,8,868500000,-67,87,loc_58,33.8657161,35.5637868,3,0,8.816305186
720,-69,9,868500000,-69,89,loc_58,33.8657161,35.5637868,3,0,8.816305186
721,-70,11,868100000,-70,90,loc_58,33.8657161,35.5637868,3,0,8.816305186
722,-72,10.2,868300000,-72,92,loc_58,33.8657161,35.5637868,3,0,8.816305186
723,-73,11.2,868100000,-73,93,loc_58,33.8657161,35.5637868,3,0,8.816305186
724,-70,9.5,868300000,-70,90,loc_58,33.8657161,35.5637868,3,0,8.816305186
725,-68,8.8,868500000,-68,88,loc_58,33.8657161,35.5637868,3,0,8.816305186
726,-67,8.5,868500000,-67,87,loc_58,33.8657161,35.5637868,3,0,8.816305186
727,-74,11.2,868100000,-74,94,loc_58,33.8657161,35.5637868,3,0,8.816305186
728,-75,10,868100000,-75,95,loc_58,33.8657161,35.5637868,3,0,8.816305186
729,-67,11,868300000,-67,87,loc_58,33.8657161,35.5637868,3,0,8.816305186
730,-60,8.2,868300000,-60,80,loc_59,33.8655697,35.5637937,2,1,8.413511842
731,-60,8,868500000,-60,80,loc_59,33.8655697,35.5637937,2,1,8.413511842
732,-59,9.2,868100000,-59,79,loc_59,33.8655697,35.5637937,2,1,8.413511842
733,-65,10.8,868300000,-65,85,loc_59,33.8655697,35.5637937,2,1,8.413511842
734,-64,9.2,868300000,-64,84,loc_59,33.8655697,35.5637937,2,1,8.413511842
735,-64,9.5,868500000,-64,84,loc_59,33.8655697,35.5637937,2,1,8.413511842
736,-66,8,868500000,-66,86,loc_59,33.8655697,35.5637937,2,1,8.413511842
737,-66,7,868500000,-66,86,loc_59,33.8655697,35.5637937,2,1,8.413511842
738,-69,9.8,868300000,-69,89,loc_59,33.8655697,35.5637937,2,1,8.413511842
739,-61,8,868500000,-61,81,loc_59,33.8655697,35.5637937,2,1,8.413511842
740,-61,6.5,868300000,-61,81,loc_59,33.8655697,35.5637937,2,1,8.413511842
741,-60,9.5,868100000,-60,80,loc_59,33.8655697,35.5637937,2,1,8.413511842
742,-60,8.8,868100000,-60,80,loc_59,33.8655697,35.5637937,2,1,8.413511842
743,-60,9.8,868100000,-60,80,loc_59,33.8655697,35.5637937,2,1,8.413511842
744,-61,7.8,868500000,-61,81,loc_59,33.8655697,35.5637937,2,1,8.413511842
745,-59,10.5,868300000,-59,79,loc_59,33.8655697,35.5637937,2,1,8.413511842
746,-59,8.8,868500000,-59,79,loc_59,33.8655697,35.5637937,2,1,8.413511842
747,-59,10,868100000,-59,79,loc_59,33.8655697,35.5637937,2,1,8.413511842
748,-59,10.2,868300000,-59,79,loc_59,33.8655697,35.5637937,2,1,8.413511842
749,-58,10,868300000,-58,78,loc_59,33.8655697,35.5637937,2,1,8.413511842
750,-82,9.8,868300000,-82,102,loc_60,33.865564,35.5635682,2,1,19.62202122
751,-81,10.5,868300000,-81,101,loc_60,33.865564,35.5635682,2,1,19.62202122
752,-79,9,868500000,-79,99,loc_60,33.865564,35.5635682,2,1,19.62202122
753,-79,9.5,868500000,-79,99,loc_60,33.865564,35.5635682,2,1,19.62202122
754,-76,9.2,868500000,-76,96,loc_60,33.865564,35.5635682,2,1,19.62202122
755,-74,10,868100000,-74,94,loc_60,33.865564,35.5635682,2,1,19.62202122
756,-76,9,868500000,-76,96,loc_60,33.865564,35.5635682,2,1,19.62202122
757,-77,9.8,868100000,-77,97,loc_60,33.865564,35.5635682,2,1,19.62202122
758,-79,10.2,868300000,-79,99,loc_60,33.865564,35.5635682,2,1,19.62202122
759,-90,8.8,868300000,-90,110,loc_60,33.865564,35.5635682,2,1,19.62202122
760,-76,10.5,868300000,-76,96,loc_60,33.865564,35.5635682,2,1,19.62202122
761,-75,10,868300000,-75,95,loc_60,33.865564,35.5635682,2,1,19.62202122
762,-77,10,868100000,-77,97,loc_60,33.865564,35.5635682,2,1,19.62202122
763,-76,8.8,868100000,-76,96,loc_60,33.865564,35.5635682,2,1,19.62202122
764,-80,10.2,868300000,-80,100,loc_60,33.865564,35.5635682,2,1,19.62202122
765,-77,9,868500000,-77,97,loc_60,33.865564,35.5635682,2,1,19.62202122
766,-78,9,868300000,-78,98,loc_60,33.865564,35.5635682,2,1,19.62202122
767,-75,8.8,868100000,-75,95,loc_61,33.8654287,35.5638036,2,2,23.83785794
768,-74,11,868100000,-74,94,loc_61,33.8654287,35.5638036,2,2,23.83785794
769,-75,7.5,868500000,-75,95,loc_61,33.8654287,35.5638036,2,2,23.83785794
770,-72,8.5,868100000,-72,92,loc_61,33.8654287,35.5638036,2,2,23.83785794
771,-73,9.5,868100000,-73,93,loc_61,33.8654287,35.5638036,2,2,23.83785794
772,-71,6.5,868500000,-71,91,loc_61,33.8654287,35.5638036,2,2,23.83785794
773,-73,10.8,868100000,-73,93,loc_61,33.8654287,35.5638036,2,2,23.83785794
774,-72,8,868300000,-72,92,loc_61,33.8654287,35.5638036,2,2,23.83785794
775,-75,6,868500000,-75,95,loc_61,33.8654287,35.5638036,2,2,23.83785794
776,-70,6.5,868500000,-70,90,loc_61,33.8654287,35.5638036,2,2,23.83785794
777,-72,8.5,868500000,-72,92,loc_61,33.8654287,35.5638036,2,2,23.83785794
778,-75,10.5,868100000,-75,95,loc_61,33.8654287,35.5638036,2,2,23.83785794
779,-74,8.2,868300000,-74,94,loc_61,33.8654287,35.5638036,2,2,23.83785794
780,-74,9.5,868100000,-74,94,loc_61,33.8654287,35.5638036,2,2,23.83785794
781,-88,9,868300000,-88,108,loc_62,33.8654251,35.5635747,2,2,29.38912882
782,-91,10,868100000,-91,111,loc_62,33.8654251,35.5635747,2,2,29.38912882
783,-89,6,868500000,-89,109,loc_62,33.8654251,35.5635747,2,2,29.38912882
784,-84,8,868500000,-84,104,loc_62,33.8654251,35.5635747,2,2,29.38912882
785,-89,7.8,868300000,-89,109,loc_62,33.8654251,35.5635747,2,2,29.38912882
786,-85,8.5,868500000,-85,105,loc_62,33.8654251,35.5635747,2,2,29.38912882
787,-87,9,868100000,-87,107,loc_62,33.8654251,35.5635747,2,2,29.38912882
788,-87,11,868300000,-87,107,loc_62,33.8654251,35.5635747,2,2,29.38912882
789,-89,9.8,868100000,-89,109,loc_62,33.8654251,35.5635747,2,2,29.38912882
790,-83,6,868500000,-83,103,loc_62,33.8654251,35.5635747,2,2,29.38912882
791,-87,8.8,868300000,-87,107,loc_62,33.8654251,35.5635747,2,2,29.38912882
792,-85,6.8,868300000,-85,105,loc_62,33.8654251,35.5635747,2,2,29.38912882
793,-88,7.8,868300000,-88,108,loc_62,33.8654251,35.5635747,2,2,29.38912882
794,-83,6,868500000,-83,103,loc_62,33.8654251,35.5635747,2,2,29.38912882
795,-88,9.5,868100000,-88,108,loc_62,33.8654251,35.5635747,2,2,29.38912882
796,-81,7,868500000,-81,101,loc_62,33.8654251,35.5635747,2,2,29.38912882
797,-86,9.2,868300000,-86,106,loc_62,33.8654251,35.5635747,2,2,29.38912882
798,-85,9.5,868300000,-85,105,loc_62,33.8654251,35.5635747,2,2,29.38912882
799,-91,9,868100000,-91,111,loc_63,33.8654975,35.5635702,2,2,23.62571257
800,-89,8.8,868100000,-89,109,loc_63,33.8654975,35.5635702,2,2,23.62571257
801,-91,10.2,868100000,-91,111,loc_63,33.8654975,35.5635702,2,2,23.62571257
802,-90,9,868100000,-90,110,loc_63,33.8654975,35.5635702,2,2,23.62571257
803,-94,10.8,868100000,-94,114,loc_63,33.8654975,35.5635702,2,2,23.62571257
804,-96,7,868300000,-96,116,loc_63,33.8654975,35.5635702,2,2,23.62571257
805,-89,8.8,868500000,-89,109,loc_63,33.8654975,35.5635702,2,2,23.62571257
806,-93,7.2,868500000,-93,113,loc_63,33.8654975,35.5635702,2,2,23.62571257
807,-88,8,868500000,-88,108,loc_63,33.8654975,35.5635702,2,2,23.62571257
808,-91,10,868300000,-91,111,loc_63,33.8654975,35.5635702,2,2,23.62571257
809,-81,7.8,868500000,-81,101,loc_63,33.8654975,35.5635702,2,2,23.62571257
810,-90,8.2,868100000,-90,110,loc_63,33.8654975,35.5635702,2,2,23.62571257
811,-93,8.2,868500000,-93,113,loc_63,33.8654975,35.5635702,2,2,23.62571257
812,-89,10.2,868100000,-89,109,loc_63,33.8654975,35.5635702,2,2,23.62571257
813,-87,5.2,868300000,-87,107,loc_63,33.8654975,35.5635702,2,2,23.62571257
814,-91,8,868500000,-91,111,loc_63,33.8654975,35.5635702,2,2,23.62571257
815,-98,6.8,868500000,-98,118,loc_63,33.8654975,35.5635702,2,2,23.62571257
816,-85,10,868300000,-85,105,loc_86,33.8656034,35.5638148,2,0,6.493329957
817,-55,6.8,868500000,-55,75,loc_86,33.8656034,35.5638148,2,0,6.493329957
818,-58,10.2,868300000,-58,78,loc_86,33.8656034,35.5638148,2,0,6.493329957
819,-60,10.8,868100000,-60,80,loc_86,33.8656034,35.5638148,2,0,6.493329957
820,-61,8,868500000,-61,81,loc_86,33.8656034,35.5638148,2,0,6.493329957
821,-59,9.8,868300000,-59,79,loc_86,33.8656034,35.5638148,2,0,6.493329957
822,-66,8,868300000,-66,86,loc_86,33.8656034,35.5638148,2,0,6.493329957
823,-61,7.8,868500000,-61,81,loc_86,33.8656034,35.5638148,2,0,6.493329957
824,-65,9.2,868300000,-65,85,loc_86,33.8656034,35.5638148,2,0,6.493329957
825,-59,8.2,868300000,-59,79,loc_86,33.8656034,35.5638148,2,0,6.493329957
826,-63,9.8,868100000,-63,83,loc_86,33.8656034,35.5638148,2,0,6.493329957
827,-60,9.5,868300000,-60,80,loc_86,33.8656034,35.5638148,2,0,6.493329957
828,-61,7.5,868500000,-61,81,loc_86,33.8656034,35.5638148,2,0,6.493329957
829,-63,8,868500000,-63,83,loc_86,33.8656034,35.5638148,2,0,6.493329957
830,-61,6.8,868500000,-61,81,loc_86,33.8656034,35.5638148,2,0,6.493329957
831,-63,8.8,868300000,-63,83,loc_86,33.8656034,35.5638148,2,0,6.493329957
832,-66,9,868100000,-66,86,loc_86,33.8656034,35.5638148,2,0,6.493329957
833,-61,7.8,868100000,-61,81,loc_86,33.8656034,35.5638148,2,0,6.493329957
834,-54,11.5,868100000,-54,74,loc_87,33.8656025,35.5638137,1,0,6.478461553
835,-46,9,868300000,-46,66,loc_87,33.8656025,35.5638137,1,0,6.478461553
836,-45,8.5,868500000,-45,65,loc_87,33.8656025,35.5638137,1,0,6.478461553
837,-53,10,868300000,-53,73,loc_87,33.8656025,35.5638137,1,0,6.478461553
838,-48,7.8,868500000,-48,68,loc_87,33.8656025,35.5638137,1,0,6.478461553
839,-51,9,868300000,-51,71,loc_87,33.8656025,35.5638137,1,0,6.478461553
840,-48,10.2,868100000,-48,68,loc_87,33.8656025,35.5638137,1,0,6.478461553
841,-51,10,868300000,-51,71,loc_87,33.8656025,35.5638137,1,0,6.478461553
842,-49,9.2,868100000,-49,69,loc_87,33.8656025,35.5638137,1,0,6.478461553
843,-47,7.2,868500000,-47,67,loc_87,33.8656025,35.5638137,1,0,6.478461553
844,-51,10.2,868300000,-51,71,loc_87,33.8656025,35.5638137,1,0,6.478461553
845,-51,8.5,868500000,-51,71,loc_87,33.8656025,35.5638137,1,0,6.478461553
846,-51,11.5,868300000,-51,71,loc_87,33.8656025,35.5638137,1,0,6.478461553
847,-48,10.2,868300000,-48,68,loc_87,33.8656025,35.5638137,1,0,6.478461553
848,-51,10.2,868100000,-51,71,loc_87,33.8656025,35.5638137,1,0,6.478461553
849,-48,9,868500000,-48,68,loc_87,33.8656025,35.5638137,1,0,6.478461553
850,-50,11,868100000,-50,70,loc_87,33.8656025,35.5638137,1,0,6.478461553
851,-51,10.8,868100000,-51,71,loc_87,33.8656025,35.5638137,1,0,6.478461553
852,-51,9.2,868100000,-51,71,loc_87,33.8656025,35.5638137,1,0,6.478461553
853,-51,9.2,868100000,-51,71,loc_87,33.8656025,35.5638137,1,0,6.478461553
854,-69,10.8,868300000,-69,89,loc_88,33.8655853,35.5633797,1,0,35.63614004
855,-64,11.2,868300000,-64,84,loc_88,33.8655853,35.5633797,1,0,35.63614004
856,-64,9.2,868300000,-64,84,loc_88,33.8655853,35.5633797,1,0,35.63614004
857,-63,9.8,868300000,-63,83,loc_88,33.8655853,35.5633797,1,0,35.63614004
858,-67,9,868100000,-67,87,loc_88,33.8655853,35.5633797,1,0,35.63614004
859,-66,8.2,868500000,-66,86,loc_88,33.8655853,35.5633797,1,0,35.63614004
860,-78,10.2,868300000,-78,98,loc_88,33.8655853,35.5633797,1,0,35.63614004
861,-66,7.8,868500000,-66,86,loc_88,33.8655853,35.5633797,1,0,35.63614004
862,-69,9.8,868300000,-69,89,loc_88,33.8655853,35.5633797,1,0,35.63614004
863,-63,9.2,868100000,-63,83,loc_88,33.8655853,35.5633797,1,0,35.63614004
864,-69,9.2,868100000,-69,89,loc_88,33.8655853,35.5633797,1,0,35.63614004
865,-66,9,868300000,-66,86,loc_88,33.8655853,35.5633797,1,0,35.63614004
866,-67,11.5,868300000,-67,87,loc_88,33.8655853,35.5633797,1,0,35.63614004
867,-74,9,868300000,-74,94,loc_88,33.8655853,35.5633797,1,0,35.63614004
868,-79,9.5,868100000,-79,99,loc_88,33.8655853,35.5633797,1,0,35.63614004
869,-83,10,868100000,-83,103,loc_88,33.8655853,35.5633797,1,0,35.63614004
870,-76,8.5,868300000,-76,96,loc_88,33.8655853,35.5633797,1,0,35.63614004
871,-65,9.2,868300000,-65,85,loc_88,33.8655853,35.5633797,1,0,35.63614004
872,-66,9.5,868100000,-66,86,loc_88,33.8655853,35.5633797,1,0,35.63614004
873,-62,7.8,868500000,-62,82,loc_88,33.8655853,35.5633797,1,0,35.63614004
874,-74,7.2,868500000,-74,94,loc_89,33.8655859,35.5633794,2,2,35.652115
875,-74,10.2,868300000,-74,94,loc_89,33.8655859,35.5633794,2,2,35.652115
876,-75,8.2,868100000,-75,95,loc_89,33.8655859,35.5633794,2,2,35.652115
877,-74,10,868100000,-74,94,loc_89,33.8655859,35.5633794,2,2,35.652115
878,-77,8.8,868100000,-77,97,loc_89,33.8655859,35.5633794,2,2,35.652115
879,-72,10,868100000,-72,92,loc_89,33.8655859,35.5633794,2,2,35.652115
880,-75,9.8,868300000,-75,95,loc_89,33.8655859,35.5633794,2,2,35.652115
881,-73,9,868100000,-73,93,loc_89,33.8655859,35.5633794,2,2,35.652115
882,-73,8.8,868100000,-73,93,loc_89,33.8655859,35.5633794,2,2,35.652115
883,-71,9.5,868300000,-71,91,loc_89,33.8655859,35.5633794,2,2,35.652115
884,-70,10.8,868300000,-70,90,loc_89,33.8655859,35.5633794,2,2,35.652115
885,-72,10.5,868300000,-72,92,loc_89,33.8655859,35.5633794,2,2,35.652115
886,-74,6,868500000,-74,94,loc_89,33.8655859,35.5633794,2,2,35.652115
887,-73,10.2,868100000,-73,93,loc_89,33.8655859,35.5633794,2,2,35.652115
888,-71,7.8,868500000,-71,91,loc_89,33.8655859,35.5633794,2,2,35.652115
889,-75,9,868100000,-75,95,loc_89,33.8655859,35.5633794,2,2,35.652115
890,-74,6.2,868500000,-74,94,loc_89,33.8655859,35.5633794,2,2,35.652115
891,-76,11.2,868100000,-76,96,loc_89,33.8655859,35.5633794,2,2,35.652115
892,-77,9.5,868100000,-77,97,loc_89,33.8655859,35.5633794,2,2,35.652115
893,-73,10,868300000,-73,93,loc_89,33.8655859,35.5633794,2,2,35.652115
894,-75,12.2,868300000,-75,95,loc_101,33.8657053,35.5634334,2,2,31.01694786
895,-74,9.2,868500000,-74,94,loc_101,33.8657053,35.5634334,2,2,31.01694786
896,-81,9.8,868500000,-81,101,loc_101,33.8657053,35.5634334,2,2,31.01694786
897,-72,10,868300000,-72,92,loc_101,33.8657053,35.5634334,2,2,31.01694786
898,-83,9.5,868100000,-83,103,loc_101,33.8657053,35.5634334,2,2,31.01694786
899,-75,9.8,868300000,-75,95,loc_101,33.8657053,35.5634334,2,2,31.01694786
900,-77,11.2,868300000,-77,97,loc_101,33.8657053,35.5634334,2,2,31.01694786
901,-73,11,868100000,-73,93,loc_101,33.8657053,35.5634334,2,2,31.01694786
902,-72,9,868300000,-72,92,loc_101,33.8657053,35.5634334,2,2,31.01694786
903,-71,7.8,868500000,-71,91,loc_101,33.8657053,35.5634334,2,2,31.01694786
904,-73,10.5,868300000,-73,93,loc_101,33.8657053,35.5634334,2,2,31.01694786
905,-73,12.5,868100000,-73,93,loc_101,33.8657053,35.5634334,2,2,31.01694786
906,-71,10.8,868300000,-71,91,loc_101,33.8657053,35.5634334,2,2,31.01694786
907,-72,11,868300000,-72,92,loc_101,33.8657053,35.5634334,2,2,31.01694786
908,-73,9.5,868300000,-73,93,loc_101,33.8657053,35.5634334,2,2,31.01694786
909,-72,11.5,868100000,-72,92,loc_101,33.8657053,35.5634334,2,2,31.01694786
910,-74,9,868500000,-74,94,loc_101,33.8657053,35.5634334,2,2,31.01694786
911,-68,10,868500000,-68,88,loc_101,33.8657053,35.5634334,2,2,31.01694786
912,-71,8.8,868500000,-71,91,loc_101,33.8657053,35.5634334,2,2,31.01694786
913,-71,8.5,868300000,-71,91,loc_101,33.8657053,35.5634334,2,2,31.01694786
914,-68,11.8,868300000,-68,88,loc_102,33.865649,35.5634344,2,2,30.07940646
915,-68,9.8,868500000,-68,88,loc_102,33.865649,35.5634344,2,2,30.07940646
916,-71,10.8,868300000,-71,91,loc_102,33.865649,35.5634344,2,2,30.07940646
917,-69,11,868300000,-69,89,loc_102,33.865649,35.5634344,2,2,30.07940646
918,-72,11.2,868300000,-72,92,loc_102,33.865649,35.5634344,2,2,30.07940646
919,-71,11,868100000,-71,91,loc_102,33.865649,35.5634344,2,2,30.07940646
920,-71,8.8,868500000,-71,91,loc_102,33.865649,35.5634344,2,2,30.07940646
921,-71,11.2,868300000,-71,91,loc_102,33.865649,35.5634344,2,2,30.07940646
922,-67,11.5,868300000,-67,87,loc_102,33.865649,35.5634344,2,2,30.07940646
923,-72,9,868500000,-72,92,loc_102,33.865649,35.5634344,2,2,30.07940646
924,-70,11,868100000,-70,90,loc_102,33.865649,35.5634344,2,2,30.07940646
925,-71,9.2,868500000,-71,91,loc_102,33.865649,35.5634344,2,2,30.07940646
926,-70,12.2,868300000,-70,90,loc_102,33.865649,35.5634344,2,2,30.07940646
927,-71,10.8,868100000,-71,91,loc_102,33.865649,35.5634344,2,2,30.07940646
928,-67,10.8,868300000,-67,87,loc_102,33.865649,35.5634344,2,2,30.07940646
929,-71,11,868100000,-71,91,loc_102,33.865649,35.5634344,2,2,30.07940646
930,-70,12.2,868100000,-70,90,loc_102,33.865649,35.5634344,2,2,30.07940646
931,-72,12,868100000,-72,92,loc_102,33.865649,35.5634344,2,2,30.07940646
932,-68,9,868500000,-68,88,loc_102,33.865649,35.5634344,2,2,30.07940646
933,-70,10.8,868100000,-70,90,loc_103,33.8658148,35.5634317,2,2,36.00847658
934,-67,7.8,868500000,-67,87,loc_103,33.8658148,35.5634317,2,2,36.00847658
935,-71,10.5,868100000,-71,91,loc_103,33.8658148,35.5634317,2,2,36.00847658
936,-67,8.8,868500000,-67,87,loc_103,33.8658148,35.5634317,2,2,36.00847658
937,-68,11.5,868100000,-68,88,loc_103,33.8658148,35.5634317,2,2,36.00847658
938,-67,7.2,868500000,-67,87,loc_103,33.8658148,35.5634317,2,2,36.00847658
939,-69,7.5,868500000,-69,89,loc_103,33.8658148,35.5634317,2,2,36.00847658
940,-69,12.5,868100000,-69,89,loc_103,33.8658148,35.5634317,2,2,36.00847658
941,-67,9.2,868300000,-67,87,loc_103,33.8658148,35.5634317,2,2,36.00847658
942,-72,8.5,868500000,-72,92,loc_103,33.8658148,35.5634317,2,2,36.00847658
943,-68,8.8,868500000,-68,88,loc_103,33.8658148,35.5634317,2,2,36.00847658
944,-72,11.8,868300000,-72,92,loc_103,33.8658148,35.5634317,2,2,36.00847658
945,-68,10.8,868300000,-68,88,loc_103,33.8658148,35.5634317,2,2,36.00847658
946,-72,10.5,868100000,-72,92,loc_103,33.8658148,35.5634317,2,2,36.00847658
947,-66,7.5,868500000,-66,86,loc_103,33.8658148,35.5634317,2,2,36.00847658
948,-67,8.8,868300000,-67,87,loc_103,33.8658148,35.5634317,2,2,36.00847658
949,-67,7.8,868500000,-67,87,loc_103,33.8658148,35.5634317,2,2,36.00847658
950,-66,8,868500000,-66,86,loc_103,33.8658148,35.5634317,2,2,36.00847658
951,-68,10.2,868300000,-68,88,loc_103,33.8658148,35.5634317,2,2,36.00847658
952,-91,10.2,868100000,-91,111,loc_104,33.8656875,35.563314,3,3,41.51665988
953,-88,8.2,868500000,-88,108,loc_104,33.8656875,35.563314,3,3,41.51665988
954,-93,9.8,868300000,-93,113,loc_104,33.8656875,35.563314,3,3,41.51665988
955,-88,7.2,868500000,-88,108,loc_104,33.8656875,35.563314,3,3,41.51665988
956,-93,10.5,868300000,-93,113,loc_104,33.8656875,35.563314,3,3,41.51665988
957,-88,10,868100000,-88,108,loc_104,33.8656875,35.563314,3,3,41.51665988
958,-91,7.8,868500000,-91,111,loc_104,33.8656875,35.563314,3,3,41.51665988
959,-88,9.5,868300000,-88,108,loc_104,33.8656875,35.563314,3,3,41.51665988
960,-91,9,868500000,-91,111,loc_104,33.8656875,35.563314,3,3,41.51665988
961,-89,9.5,868100000,-89,109,loc_104,33.8656875,35.563314,3,3,41.51665988
962,-89,9.8,868100000,-89,109,loc_104,33.8656875,35.563314,3,3,41.51665988
963,-90,8.2,868500000,-90,110,loc_104,33.8656875,35.563314,3,3,41.51665988
964,-88,10.2,868100000,-88,108,loc_104,33.8656875,35.563314,3,3,41.51665988
965,-89,9.2,868100000,-89,109,loc_104,33.8656875,35.563314,3,3,41.51665988
966,-88,10.8,868100000,-88,108,loc_104,33.8656875,35.563314,3,3,41.51665988
967,-89,10.5,868300000,-89,109,loc_104,33.8656875,35.563314,3,3,41.51665988
968,-89,7.8,868500000,-89,109,loc_104,33.8656875,35.563314,3,3,41.51665988
969,-93,8,868500000,-93,113,loc_104,33.8656875,35.563314,3,3,41.51665988
970,-90,11,868300000,-90,110,loc_104,33.8656875,35.563314,3,3,41.51665988
971,-90,9.5,868500000,-90,110,loc_104,33.8656875,35.563314,3,3,41.51665988
972,-89,11,868300000,-89,109,loc_105,33.8656712,35.5631828,3,3,53.40585975
973,-85,11.2,868100000,-85,105,loc_105,33.8656712,35.5631828,3,3,53.40585975
974,-79,10.5,868300000,-79,99,loc_105,33.8656712,35.5631828,3,3,53.40585975
975,-88,11.2,868300000,-88,108,loc_105,33.8656712,35.5631828,3,3,53.40585975
976,-83,7.2,868500000,-83,103,loc_105,33.8656712,35.5631828,3,3,53.40585975
977,-89,8,868500000,-89,109,loc_105,33.8656712,35.5631828,3,3,53.40585975
978,-89,8.8,868500000,-89,109,loc_105,33.8656712,35.5631828,3,3,53.40585975
979,-91,11,868300000,-91,111,loc_105,33.8656712,35.5631828,3,3,53.40585975
980,-87,9,868100000,-87,107,loc_105,33.8656712,35.5631828,3,3,53.40585975
981,-91,10.5,868100000,-91,111,loc_105,33.8656712,35.5631828,3,3,53.40585975
982,-88,10,868100000,-88,108,loc_105,33.8656712,35.5631828,3,3,53.40585975
983,-91,9.5,868100000,-91,111,loc_105,33.8656712,35.5631828,3,3,53.40585975
984,-89,10,868100000,-89,109,loc_105,33.8656712,35.5631828,3,3,53.40585975
985,-84,10,868300000,-84,104,loc_105,33.8656712,35.5631828,3,3,53.40585975
986,-85,10.5,868300000,-85,105,loc_105,33.8656712,35.5631828,3,3,53.40585975
987,-87,10,868300000,-87,107,loc_105,33.8656712,35.5631828,3,3,53.40585975
988,-88,10.5,868100000,-88,108,loc_105,33.8656712,35.5631828,3,3,53.40585975
989,-87,8.8,868500000,-87,107,loc_105,33.8656712,35.5631828,3,3,53.40585975
990,-78,11.5,868300000,-78,98,loc_106,33.8657278,35.5631804,3,3,54.39788926
991,-78,11.2,868100000,-78,98,loc_106,33.8657278,35.5631804,3,3,54.39788926
992,-79,11.8,868300000,-79,99,loc_106,33.8657278,35.5631804,3,3,54.39788926
993,-77,8.5,868500000,-77,97,loc_106,33.8657278,35.5631804,3,3,54.39788926
994,-79,10,868300000,-79,99,loc_106,33.8657278,35.5631804,3,3,54.39788926
995,-77,8,868500000,-77,97,loc_106,33.8657278,35.5631804,3,3,54.39788926
996,-77,8.8,868500000,-77,97,loc_106,33.8657278,35.5631804,3,3,54.39788926
997,-77,8.8,868500000,-77,97,loc_106,33.8657278,35.5631804,3,3,54.39788926
998,-79,10.8,868300000,-79,99,loc_106,33.8657278,35.5631804,3,3,54.39788926
999,-77,11.2,868300000,-77,97,loc_106,33.8657278,35.5631804,3,3,54.39788926
1000,-79,10.8,868300000,-79,99,loc_106,33.8657278,35.5631804,3,3,54.39788926
1001,-77,9.2,868500000,-77,97,loc_106,33.8657278,35.5631804,3,3,54.39788926
1002,-79,10.2,868300000,-79,99,loc_106,33.8657278,35.5631804,3,3,54.39788926
1003,-78,9.2,868100000,-78,98,loc_106,33.8657278,35.5631804,3,3,54.39788926
1004,-79,8.5,868500000,-79,99,loc_106,33.8657278,35.5631804,3,3,54.39788926
1005,-77,9.5,868300000,-77,97,loc_106,33.8657278,35.5631804,3,3,54.39788926
1006,-77,9.5,868300000,-77,97,loc_106,33.8657278,35.5631804,3,3,54.39788926
1007,-76,9.5,868300000,-76,96,loc_106,33.8657278,35.5631804,3,3,54.39788926
1008,-78,10.5,868300000,-78,98,loc_106,33.8657278,35.5631804,3,3,54.39788926
1009,-78,8.5,868500000,-78,98,loc_106,33.8657278,35.5631804,3,3,54.39788926
1010,-87,10,868100000,-87,107,loc_107,33.8657987,35.5632025,3,3,54.41496007
1011,-84,10.5,868100000,-84,104,loc_107,33.8657987,35.5632025,3,3,54.41496007
1012,-84,9.5,868300000,-84,104,loc_107,33.8657987,35.5632025,3,3,54.41496007
1013,-83,8.8,868500000,-83,103,loc_107,33.8657987,35.5632025,3,3,54.41496007
1014,-90,11,868100000,-90,110,loc_107,33.8657987,35.5632025,3,3,54.41496007
1015,-85,11.2,868100000,-85,105,loc_107,33.8657987,35.5632025,3,3,54.41496007
1016,-83,10.5,868300000,-83,103,loc_107,33.8657987,35.5632025,3,3,54.41496007
1017,-84,10.2,868100000,-84,104,loc_107,33.8657987,35.5632025,3,3,54.41496007
1018,-87,9.5,868100000,-87,107,loc_107,33.8657987,35.5632025,3,3,54.41496007
1019,-83,9.8,868300000,-83,103,loc_107,33.8657987,35.5632025,3,3,54.41496007
1020,-84,10,868500000,-84,104,loc_107,33.8657987,35.5632025,3,3,54.41496007
1021,-82,8.5,868500000,-82,102,loc_107,33.8657987,35.5632025,3,3,54.41496007
1022,-85,10,868100000,-85,105,loc_107,33.8657987,35.5632025,3,3,54.41496007
1023,-83,10.5,868100000,-83,103,loc_107,33.8657987,35.5632025,3,3,54.41496007
1024,-81,8.5,868500000,-81,101,loc_107,33.8657987,35.5632025,3,3,54.41496007
1025,-83,9,868100000,-83,103,loc_107,33.8657987,35.5632025,3,3,54.41496007
1026,-83,9.5,868300000,-83,103,loc_107,33.8657987,35.5632025,3,3,54.41496007
1027,-84,9.5,868100000,-84,104,loc_107,33.8657987,35.5632025,3,3,54.41496007
1028,-85,10,868100000,-85,105,loc_107,33.8657987,35.5632025,3,3,54.41496007
1029,-83,11.2,868100000,-83,103,loc_107,33.8657987,35.5632025,3,3,54.41496007
1030,-101,7.5,868300000,-101,121,loc_108,33.865673,35.5628735,4,3,81.93303275
1031,-100,8.8,868100000,-100,120,loc_108,33.865673,35.5628735,4,3,81.93303275
1032,-101,7.2,868500000,-101,121,loc_108,33.865673,35.5628735,4,3,81.93303275
1033,-101,8.2,868100000,-101,121,loc_108,33.865673,35.5628735,4,3,81.93303275
1034,-103,8,868500000,-103,123,loc_108,33.865673,35.5628735,4,3,81.93303275
1035,-98,9,868300000,-98,118,loc_108,33.865673,35.5628735,4,3,81.93303275
1036,-103,7.5,868500000,-103,123,loc_108,33.865673,35.5628735,4,3,81.93303275
1037,-100,7.5,868500000,-100,120,loc_108,33.865673,35.5628735,4,3,81.93303275
1038,-99,7.8,868300000,-99,119,loc_108,33.865673,35.5628735,4,3,81.93303275
1039,-101,8.2,868100000,-101,121,loc_108,33.865673,35.5628735,4,3,81.93303275
1040,-102,8,868100000,-102,122,loc_108,33.865673,35.5628735,4,3,81.93303275
1041,-101,7.2,868500000,-101,121,loc_108,33.865673,35.5628735,4,3,81.93303275
1042,-103,7,868500000,-103,123,loc_108,33.865673,35.5628735,4,3,81.93303275
1043,-102,6.8,868500000,-102,122,loc_108,33.865673,35.5628735,4,3,81.93303275
1044,-102,8,868300000,-102,122,loc_108,33.865673,35.5628735,4,3,81.93303275
1045,-100,7.2,868100000,-100,120,loc_108,33.865673,35.5628735,4,3,81.93303275
1046,-101,7.8,868100000,-101,121,loc_108,33.865673,35.5628735,4,3,81.93303275
1047,-100,7.5,868100000,-100,120,loc_108,33.865673,35.5628735,4,3,81.93303275
1048,-101,7,868100000,-101,121,loc_108,33.865673,35.5628735,4,3,81.93303275
1049,-103,6.8,868300000,-103,123,loc_108,33.865673,35.5628735,4,3,81.93303275
1050,-54,10,868300000,-54,74,loc_110,33.8657524,35.5636619,2,1,15.43527956
1051,-56,8.8,868500000,-56,76,loc_110,33.8657524,35.5636619,2,1,15.43527956
1052,-61,9.2,868500000,-61,81,loc_110,33.8657524,35.5636619,2,1,15.43527956
1053,-55,8.2,868500000,-55,75,loc_110,33.8657524,35.5636619,2,1,15.43527956
1054,-59,11.2,868100000,-59,79,loc_110,33.8657524,35.5636619,2,1,15.43527956
1055,-56,10.5,868300000,-56,76,loc_110,33.8657524,35.5636619,2,1,15.43527956
1056,-58,9.5,868300000,-58,78,loc_110,33.8657524,35.5636619,2,1,15.43527956
1057,-61,11,868300000,-61,81,loc_110,33.8657524,35.5636619,2,1,15.43527956
1058,-65,11.2,868300000,-65,85,loc_110,33.8657524,35.5636619,2,1,15.43527956
1059,-64,12.2,868300000,-64,84,loc_110,33.8657524,35.5636619,2,1,15.43527956
1060,-65,10.2,868300000,-65,85,loc_110,33.8657524,35.5636619,2,1,15.43527956
1061,-61,12,868300000,-61,81,loc_110,33.8657524,35.5636619,2,1,15.43527956
1062,-58,7.8,868500000,-58,78,loc_110,33.8657524,35.5636619,2,1,15.43527956
1063,-56,12.5,868300000,-56,76,loc_110,33.8657524,35.5636619,2,1,15.43527956
1064,-57,10.8,868300000,-57,77,loc_110,33.8657524,35.5636619,2,1,15.43527956
1065,-56,12,868100000,-56,76,loc_110,33.8657524,35.5636619,2,1,15.43527956
1066,-55,10.8,868300000,-55,75,loc_110,33.8657524,35.5636619,2,1,15.43527956
1067,-56,11.8,868100000,-56,76,loc_110,33.8657524,35.5636619,2,1,15.43527956
1068,-54,10.2,868100000,-54,74,loc_110,33.8657524,35.5636619,2,1,15.43527956
1069,-55,7,868500000,-55,75,loc_110,33.8657524,35.5636619,2,1,15.43527956
1070,-59,10.5,868300000,-59,79,loc_111,33.8657844,35.5636798,2,1,17.68177183
1071,-61,8,868500000,-61,81,loc_111,33.8657844,35.5636798,2,1,17.68177183
1072,-66,12,868300000,-66,86,loc_111,33.8657844,35.5636798,2,1,17.68177183
1073,-55,9.5,868300000,-55,75,loc_111,33.8657844,35.5636798,2,1,17.68177183
1074,-61,9,868100000,-61,81,loc_111,33.8657844,35.5636798,2,1,17.68177183
1075,-56,8.2,868500000,-56,76,loc_111,33.8657844,35.5636798,2,1,17.68177183
1076,-60,8.2,868500000,-60,80,loc_111,33.8657844,35.5636798,2,1,17.68177183
1077,-61,8.8,868100000,-61,81,loc_111,33.8657844,35.5636798,2,1,17.68177183
1078,-55,8,868500000,-55,75,loc_111,33.8657844,35.5636798,2,1,17.68177183
1079,-60,10.8,868300000,-60,80,loc_111,33.8657844,35.5636798,2,1,17.68177183
1080,-63,10.2,868300000,-63,83,loc_111,33.8657844,35.5636798,2,1,17.68177183
1081,-61,10,868100000,-61,81,loc_111,33.8657844,35.5636798,2,1,17.68177183
1082,-66,8.5,868500000,-66,86,loc_111,33.8657844,35.5636798,2,1,17.68177183
1083,-67,9.8,868100000,-67,87,loc_111,33.8657844,35.5636798,2,1,17.68177183
1084,-65,7.8,868500000,-65,85,loc_111,33.8657844,35.5636798,2,1,17.68177183
1085,-63,8.5,868500000,-63,83,loc_111,33.8657844,35.5636798,2,1,17.68177183
1086,-53,8.5,868500000,-53,73,loc_111,33.8657844,35.5636798,2,1,17.68177183
1087,-57,9.8,868300000,-57,77,loc_111,33.8657844,35.5636798,2,1,17.68177183
1088,-60,8.5,868500000,-60,80,loc_111,33.8657844,35.5636798,2,1,17.68177183
1089,-51,11.5,868300000,-51,71,loc_112,33.8657516,35.5636967,2,1,13.71678949
1090,-52,12.2,868300000,-52,72,loc_112,33.8657516,35.5636967,2,1,13.71678949
1091,-53,11.5,868100000,-53,73,loc_112,33.8657516,35.5636967,2,1,13.71678949
1092,-50,10.8,868300000,-50,70,loc_112,33.8657516,35.5636967,2,1,13.71678949
1093,-54,13,868100000,-54,74,loc_112,33.8657516,35.5636967,2,1,13.71678949
1094,-54,11.2,868300000,-54,74,loc_112,33.8657516,35.5636967,2,1,13.71678949
1095,-54,10.5,868300000,-54,74,loc_112,33.8657516,35.5636967,2,1,13.71678949
1096,-52,7.8,868500000,-52,72,loc_112,33.8657516,35.5636967,2,1,13.71678949
1097,-52,8.2,868500000,-52,72,loc_112,33.8657516,35.5636967,2,1,13.71678949
1098,-52,12.5,868300000,-52,72,loc_112,33.8657516,35.5636967,2,1,13.71678949
1099,-54,10.2,868300000,-54,74,loc_112,33.8657516,35.5636967,2,1,13.71678949
1100,-54,10.5,868100000,-54,74,loc_112,33.8657516,35.5636967,2,1,13.71678949
1101,-51,10.5,868300000,-51,71,loc_112,33.8657516,35.5636967,2,1,13.71678949
1102,-51,9.2,868500000,-51,71,loc_112,33.8657516,35.5636967,2,1,13.71678949
1103,-55,10.2,868300000,-55,75,loc_112,33.8657516,35.5636967,2,1,13.71678949
1104,-55,10,868300000,-55,75,loc_112,33.8657516,35.5636967,2,1,13.71678949
1105,-53,10.2,868500000,-53,73,loc_112,33.8657516,35.5636967,2,1,13.71678949
1106,-56,11,868100000,-56,76,loc_112,33.8657516,35.5636967,2,1,13.71678949
1107,-59,10.8,868100000,-59,79,loc_112,33.8657516,35.5636967,2,1,13.71678949
1108,-54,9.8,868100000,-54,74,loc_112,33.8657516,35.5636967,2,1,13.71678949
1109,-72,8,868500000,-72,92,loc_113,33.8657586,35.5634345,2,2,32.81964172
1110,-71,10.8,868100000,-71,91,loc_113,33.8657586,35.5634345,2,2,32.81964172
1111,-77,9,868500000,-77,97,loc_113,33.8657586,35.5634345,2,2,32.81964172
1112,-77,8.5,868500000,-77,97,loc_113,33.8657586,35.5634345,2,2,32.81964172
1113,-73,9.2,868500000,-73,93,loc_113,33.8657586,35.5634345,2,2,32.81964172
1114,-83,8.8,868500000,-83,103,loc_113,33.8657586,35.5634345,2,2,32.81964172
1115,-89,10.2,868300000,-89,109,loc_113,33.8657586,35.5634345,2,2,32.81964172
1116,-77,10.5,868300000,-77,97,loc_113,33.8657586,35.5634345,2,2,32.81964172
1117,-77,10.2,868500000,-77,97,loc_113,33.8657586,35.5634345,2,2,32.81964172
1118,-76,12.8,868300000,-76,96,loc_113,33.8657586,35.5634345,2,2,32.81964172
1119,-80,10.5,868100000,-80,100,loc_113,33.8657586,35.5634345,2,2,32.81964172
1120,-76,10.5,868300000,-76,96,loc_113,33.8657586,35.5634345,2,2,32.81964172
1121,-83,12,868100000,-83,103,loc_113,33.8657586,35.5634345,2,2,32.81964172
1122,-73,10.2,868100000,-73,93,loc_113,33.8657586,35.5634345,2,2,32.81964172
1123,-72,8.5,868100000,-72,92,loc_113,33.8657586,35.5634345,2,2,32.81964172
1124,-76,9.2,868100000,-76,96,loc_113,33.8657586,35.5634345,2,2,32.81964172
1125,-76,10,868500000,-76,96,loc_113,33.8657586,35.5634345,2,2,32.81964172
1126,-76,10.2,868300000,-76,96,loc_113,33.8657586,35.5634345,2,2,32.81964172
1127,-77,11.8,868100000,-77,97,loc_113,33.8657586,35.5634345,2,2,32.81964172
1128,-75,10.5,868300000,-75,95,loc_113,33.8657586,35.5634345,2,2,32.81964172
1129,-67,8.2,868500000,-67,87,loc_114,33.8657103,35.563528,2,2,22.80238674
1130,-70,10.5,868300000,-70,90,loc_114,33.8657103,35.563528,2,2,22.80238674
1131,-76,9.8,868100000,-76,96,loc_114,33.8657103,35.563528,2,2,22.80238674
1132,-71,8.2,868500000,-71,91,loc_114,33.8657103,35.563528,2,2,22.80238674
1133,-75,11.2,868300000,-75,95,loc_114,33.8657103,35.563528,2,2,22.80238674
1134,-72,7.8,868500000,-72,92,loc_114,33.8657103,35.563528,2,2,22.80238674
1135,-71,9.5,868300000,-71,91,loc_114,33.8657103,35.563528,2,2,22.80238674
1136,-71,9.5,868300000,-71,91,loc_114,33.8657103,35.563528,2,2,22.80238674
1137,-72,11,868300000,-72,92,loc_114,33.8657103,35.563528,2,2,22.80238674
1138,-71,10.8,868300000,-71,91,loc_114,33.8657103,35.563528,2,2,22.80238674
1139,-72,9.2,868300000,-72,92,loc_114,33.8657103,35.563528,2,2,22.80238674
1140,-68,8.5,868500000,-68,88,loc_114,33.8657103,35.563528,2,2,22.80238674
1141,-71,9,868300000,-71,91,loc_114,33.8657103,35.563528,2,2,22.80238674
1142,-72,11.5,868100000,-72,92,loc_114,33.8657103,35.563528,2,2,22.80238674
1143,-75,10,868100000,-75,95,loc_114,33.8657103,35.563528,2,2,22.80238674
1144,-71,10,868100000,-71,91,loc_114,33.8657103,35.563528,2,2,22.80238674
1145,-71,10.2,868300000,-71,91,loc_114,33.8657103,35.563528,2,2,22.80238674
1146,-72,9.8,868100000,-72,92,loc_114,33.8657103,35.563528,2,2,22.80238674
1147,-73,9.5,868100000,-73,93,loc_114,33.8657103,35.563528,2,2,22.80238674
1148,-68,8.2,868500000,-68,88,loc_114,33.8657103,35.563528,2,2,22.80238674
1149,-97,8,868500000,-97,117,loc_115,33.8656856,35.5630939,3,1,61.70988195
1150,-108,9.2,868100000,-108,128,loc_115,33.8656856,35.5630939,3,1,61.70988195
1151,-91,8,868500000,-91,111,loc_115,33.8656856,35.5630939,3,1,61.70988195
1152,-90,9.2,868300000,-90,110,loc_115,33.8656856,35.5630939,3,1,61.70988195
1153,-97,10.2,868100000,-97,117,loc_115,33.8656856,35.5630939,3,1,61.70988195
1154,-92,8.5,868500000,-92,112,loc_115,33.8656856,35.5630939,3,1,61.70988195
1155,-91,8,868500000,-91,111,loc_115,33.8656856,35.5630939,3,1,61.70988195
1156,-92,9.5,868300000,-92,112,loc_115,33.8656856,35.5630939,3,1,61.70988195
1157,-88,9.5,868300000,-88,108,loc_115,33.8656856,35.5630939,3,1,61.70988195
1158,-88,7.2,868500000,-88,108,loc_115,33.8656856,35.5630939,3,1,61.70988195
1159,-96,10,868300000,-96,116,loc_115,33.8656856,35.5630939,3,1,61.70988195
1160,-89,9.5,868300000,-89,109,loc_115,33.8656856,35.5630939,3,1,61.70988195
1161,-90,8.2,868100000,-90,110,loc_115,33.8656856,35.5630939,3,1,61.70988195
1162,-89,8,868500000,-89,109,loc_115,33.8656856,35.5630939,3,1,61.70988195
1163,-93,9.8,868100000,-93,113,loc_115,33.8656856,35.5630939,3,1,61.70988195
1164,-90,9.5,868100000,-90,110,loc_115,33.8656856,35.5630939,3,1,61.70988195
1165,-91,9.8,868300000,-91,111,loc_115,33.8656856,35.5630939,3,1,61.70988195
1166,-89,9.5,868300000,-89,109,loc_115,33.8656856,35.5630939,3,1,61.70988195
1167,-89,11,868300000,-89,109,loc_115,33.8656856,35.5630939,3,1,61.70988195
1168,-90,8,868100000,-90,110,loc_115,33.8656856,35.5630939,3,1,61.70988195
1169,-86,7.5,868500000,-86,106,loc_116,33.8657164,35.5630216,3,2,68.7039334
1170,-96,10.2,868100000,-96,116,loc_116,33.8657164,35.5630216,3,2,68.7039334
1171,-88,8,868500000,-88,108,loc_116,33.8657164,35.5630216,3,2,68.7039334
1172,-91,9.2,868100000,-91,111,loc_116,33.8657164,35.5630216,3,2,68.7039334
1173,-88,7.5,868300000,-88,108,loc_116,33.8657164,35.5630216,3,2,68.7039334
1174,-89,6,868500000,-89,109,loc_116,33.8657164,35.5630216,3,2,68.7039334
1175,-93,9,868300000,-93,113,loc_116,33.8657164,35.5630216,3,2,68.7039334
1176,-89,7.8,868500000,-89,109,loc_116,33.8657164,35.5630216,3,2,68.7039334
1177,-95,7.8,868500000,-95,115,loc_116,33.8657164,35.5630216,3,2,68.7039334
1178,-95,6,868300000,-95,115,loc_116,33.8657164,35.5630216,3,2,68.7039334
1179,-103,9.5,868100000,-103,123,loc_116,33.8657164,35.5630216,3,2,68.7039334
1180,-95,7.2,868300000,-95,115,loc_116,33.8657164,35.5630216,3,2,68.7039334
1181,-91,8,868100000,-91,111,loc_116,33.8657164,35.5630216,3,2,68.7039334
1182,-94,9.8,868100000,-94,114,loc_116,33.8657164,35.5630216,3,2,68.7039334
1183,-97,8,868500000,-97,117,loc_116,33.8657164,35.5630216,3,2,68.7039334
1184,-94,11,868100000,-94,114,loc_116,33.8657164,35.5630216,3,2,68.7039334
1185,-93,9.5,868300000,-93,113,loc_116,33.8657164,35.5630216,3,2,68.7039334
1186,-99,8,868100000,-99,119,loc_116,33.8657164,35.5630216,3,2,68.7039334
1187,-102,7.8,868100000,-102,122,loc_116,33.8657164,35.5630216,3,2,68.7039334
1188,-96,11,868100000,-96,116,loc_116,33.8657164,35.5630216,3,2,68.7039334
1189,-84,10.5,868100000,-84,104,loc_117,33.8656982,35.562985,3,1,71.84803016
1190,-85,10.2,868100000,-85,105,loc_117,33.8656982,35.562985,3,1,71.84803016
1191,-84,10.2,868100000,-84,104,loc_117,33.8656982,35.562985,3,1,71.84803016
1192,-84,8.5,868500000,-84,104,loc_117,33.8656982,35.562985,3,1,71.84803016
1193,-85,10.8,868300000,-85,105,loc_117,33.8656982,35.562985,3,1,71.84803016
1194,-82,9.5,868300000,-82,102,loc_117,33.8656982,35.562985,3,1,71.84803016
1195,-96,7.8,868500000,-96,116,loc_117,33.8656982,35.562985,3,1,71.84803016
1196,-85,9.2,868300000,-85,105,loc_117,33.8656982,35.562985,3,1,71.84803016
1197,-84,7.8,868100000,-84,104,loc_117,33.8656982,35.562985,3,1,71.84803016
1198,-86,9.5,868300000,-86,106,loc_117,33.8656982,35.562985,3,1,71.84803016
1199,-85,7,868500000,-85,105,loc_117,33.8656982,35.562985,3,1,71.84803016
1200,-89,8.8,868100000,-89,109,loc_117,33.8656982,35.562985,3,1,71.84803016
1201,-87,8.8,868500000,-87,107,loc_117,33.8656982,35.562985,3,1,71.84803016
1202,-87,10,868100000,-87,107,loc_117,33.8656982,35.562985,3,1,71.84803016
1203,-86,9.8,868300000,-86,106,loc_117,33.8656982,35.562985,3,1,71.84803016
1204,-87,9.2,868300000,-87,107,loc_117,33.8656982,35.562985,3,1,71.84803016
1205,-89,11,868300000,-89,109,loc_117,33.8656982,35.562985,3,1,71.84803016
1206,-87,8.5,868500000,-87,107,loc_117,33.8656982,35.562985,3,1,71.84803016
1207,-84,9.2,868100000,-84,104,loc_117,33.8656982,35.562985,3,1,71.84803016
1208,-86,6.2,868500000,-86,106,loc_117,33.8656982,35.562985,3,1,71.84803016
1209,-84,11.5,868100000,-84,104,loc_118,33.8657947,35.5629824,3,2,73.82797202
1210,-80,8.8,868500000,-80,100,loc_118,33.8657947,35.5629824,3,2,73.82797202
1211,-84,11.2,868300000,-84,104,loc_118,33.8657947,35.5629824,3,2,73.82797202
1212,-83,10.2,868100000,-83,103,loc_118,33.8657947,35.5629824,3,2,73.82797202
1213,-84,10.8,868300000,-84,104,loc_118,33.8657947,35.5629824,3,2,73.82797202
1214,-84,10,868100000,-84,104,loc_118,33.8657947,35.5629824,3,2,73.82797202
1215,-84,9.2,868300000,-84,104,loc_118,33.8657947,35.5629824,3,2,73.82797202
1216,-81,11,868100000,-81,101,loc_118,33.8657947,35.5629824,3,2,73.82797202
1217,-84,10.8,868100000,-84,104,loc_118,33.8657947,35.5629824,3,2,73.82797202
1218,-82,8.5,868300000,-82,102,loc_118,33.8657947,35.5629824,3,2,73.82797202
1219,-82,10,868300000,-82,102,loc_118,33.8657947,35.5629824,3,2,73.82797202
1220,-85,10.8,868100000,-85,105,loc_118,33.8657947,35.5629824,3,2,73.82797202
1221,-82,11.2,868100000,-82,102,loc_118,33.8657947,35.5629824,3,2,73.82797202
1222,-85,10,868100000,-85,105,loc_118,33.8657947,35.5629824,3,2,73.82797202
1223,-82,11.2,868100000,-82,102,loc_118,33.8657947,35.5629824,3,2,73.82797202
1224,-85,11,868100000,-85,105,loc_118,33.8657947,35.5629824,3,2,73.82797202
1225,-84,7.2,868500000,-84,104,loc_118,33.8657947,35.5629824,3,2,73.82797202
1226,-83,6.5,868500000,-83,103,loc_118,33.8657947,35.5629824,3,2,73.82797202
1227,-87,8.5,868500000,-87,107,loc_118,33.8657947,35.5629824,3,2,73.82797202
1228,-107,7.8,868100000,-107,127,loc_119,33.8658025,35.5627521,4,2,94.79764707
1229,-100,6,868100000,-100,120,loc_119,33.8658025,35.5627521,4,2,94.79764707
1230,-114,-0.8,868100000,-114.8,134.8,loc_119,33.8658025,35.5627521,4,2,94.79764707
1231,-108,-1.5,868100000,-109.5,129.5,loc_119,33.8658025,35.5627521,4,2,94.79764707
1232,-114,2.5,868500000,-114,134,loc_119,33.8658025,35.5627521,4,2,94.79764707
1233,-96,7.2,868500000,-96,116,loc_119,33.8658025,35.5627521,4,2,94.79764707
1234,-96,7.5,868300000,-96,116,loc_119,33.8658025,35.5627521,4,2,94.79764707
1235,-99,7.5,868500000,-99,119,loc_119,33.8658025,35.5627521,4,2,94.79764707
1236,-99,9,868100000,-99,119,loc_119,33.8658025,35.5627521,4,2,94.79764707
1237,-99,7.5,868500000,-99,119,loc_119,33.8658025,35.5627521,4,2,94.79764707
1238,-93,7.5,868500000,-93,113,loc_119,33.8658025,35.5627521,4,2,94.79764707
1239,-103,5.5,868300000,-103,123,loc_119,33.8658025,35.5627521,4,2,94.79764707
1240,-99,9.8,868100000,-99,119,loc_119,33.8658025,35.5627521,4,2,94.79764707
1241,-100,8.5,868100000,-100,120,loc_119,33.8658025,35.5627521,4,2,94.79764707
1242,-98,9.2,868100000,-98,118,loc_119,33.8658025,35.5627521,4,2,94.79764707
1243,-98,7.5,868300000,-98,118,loc_119,33.8658025,35.5627521,4,2,94.79764707
1244,-94,10,868100000,-94,114,loc_119,33.8658025,35.5627521,4,2,94.79764707
1245,-97,7,868300000,-97,117,loc_119,33.8658025,35.5627521,4,2,94.79764707
1246,-98,5.2,868300000,-98,118,loc_119,33.8658025,35.5627521,4,2,94.79764707
1247,-101,8.5,868100000,-101,121,loc_120,33.8657297,35.562779,4,2,91.12352814
1248,-99,7,868500000,-99,119,loc_120,33.8657297,35.562779,4,2,91.12352814
1249,-102,7.5,868100000,-102,122,loc_120,33.8657297,35.562779,4,2,91.12352814
1250,-99,7.8,868300000,-99,119,loc_120,33.8657297,35.562779,4,2,91.12352814
1251,-105,6.8,868100000,-105,125,loc_120,33.8657297,35.562779,4,2,91.12352814
1252,-98,5.5,868300000,-98,118,loc_120,33.8657297,35.562779,4,2,91.12352814
1253,-103,4.8,868500000,-103,123,loc_120,33.8657297,35.562779,4,2,91.12352814
1254,-102,5.8,868500000,-102,122,loc_120,33.8657297,35.562779,4,2,91.12352814
1255,-106,7.8,868300000,-106,126,loc_120,33.8657297,35.562779,4,2,91.12352814
1256,-106,6.8,868100000,-106,126,loc_120,33.8657297,35.562779,4,2,91.12352814
1257,-105,7.2,868300000,-105,125,loc_120,33.8657297,35.562779,4,2,91.12352814
1258,-104,7.5,868100000,-104,124,loc_120,33.8657297,35.562779,4,2,91.12352814
1259,-106,7.5,868100000,-106,126,loc_120,33.8657297,35.562779,4,2,91.12352814
1260,-100,5.2,868300000,-100,120,loc_120,33.8657297,35.562779,4,2,91.12352814
1261,-101,8,868300000,-101,121,loc_120,33.8657297,35.562779,4,2,91.12352814
1262,-104,7,868100000,-104,124,loc_120,33.8657297,35.562779,4,2,91.12352814
1263,-106,6.2,868100000,-106,126,loc_120,33.8657297,35.562779,4,2,91.12352814
1264,-104,7.2,868300000,-104,124,loc_120,33.8657297,35.562779,4,2,91.12352814
1265,-101,6.8,868500000,-101,121,loc_120,33.8657297,35.562779,4,2,91.12352814
1266,-103,6.5,868500000,-103,123,loc_120,33.8657297,35.562779,4,2,91.12352814
1267,-113,3.5,868300000,-113,133,loc_121,33.8656732,35.5626724,4,2,100.4862835
1268,-106,3.5,868500000,-106,126,loc_121,33.8656732,35.5626724,4,2,100.4862835
1269,-106,3.5,868500000,-106,126,loc_121,33.8656732,35.5626724,4,2,100.4862835
1270,-108,1.5,868500000,-108,128,loc_121,33.8656732,35.5626724,4,2,100.4862835
1271,-109,2.5,868300000,-109,129,loc_121,33.8656732,35.5626724,4,2,100.4862835
1272,-111,5,868300000,-111,131,loc_121,33.8656732,35.5626724,4,2,100.4862835
1273,-109,3.2,868500000,-109,129,loc_121,33.8656732,35.5626724,4,2,100.4862835
1274,-108,4.5,868300000,-108,128,loc_121,33.8656732,35.5626724,4,2,100.4862835
1275,-109,4,868500000,-109,129,loc_121,33.8656732,35.5626724,4,2,100.4862835
1276,-107,5,868300000,-107,127,loc_121,33.8656732,35.5626724,4,2,100.4862835
1277,-104,5.8,868500000,-104,124,loc_121,33.8656732,35.5626724,4,2,100.4862835
1278,-106,5.5,868100000,-106,126,loc_121,33.8656732,35.5626724,4,2,100.4862835
1279,-107,3,868500000,-107,127,loc_121,33.8656732,35.5626724,4,2,100.4862835
1280,-118,5.5,868100000,-118,138,loc_121,33.8656732,35.5626724,4,2,100.4862835
1281,-107,6.8,868300000,-107,127,loc_121,33.8656732,35.5626724,4,2,100.4862835
1282,-107,4.5,868100000,-107,127,loc_121,33.8656732,35.5626724,4,2,100.4862835
1283,-119,2.2,868500000,-119,139,loc_121,33.8656732,35.5626724,4,2,100.4862835
1284,-109,1.8,868500000,-109,129,loc_121,33.8656732,35.5626724,4,2,100.4862835
1285,-108,4.8,868300000,-108,128,loc_121,33.8656732,35.5626724,4,2,100.4862835
1286,-109,6,868100000,-109,129,loc_121,33.8656732,35.5626724,4,2,100.4862835
1287,-111,1,868300000,-111,131,loc_122,33.8656198,35.5626203,4,2,105.2528598
1288,-111,-0.2,868500000,-111.2,131.2,loc_122,33.8656198,35.5626203,4,2,105.2528598
1289,-106,5,868100000,-106,126,loc_122,33.8656198,35.5626203,4,2,105.2528598
1290,-102,5.5,868100000,-102,122,loc_122,33.8656198,35.5626203,4,2,105.2528598
1291,-100,5.2,868300000,-100,120,loc_122,33.8656198,35.5626203,4,2,105.2528598
1292,-100,2.2,868300000,-100,120,loc_122,33.8656198,35.5626203,4,2,105.2528598
1293,-102,3.8,868100000,-102,122,loc_122,33.8656198,35.5626203,4,2,105.2528598
1294,-107,2.8,868100000,-107,127,loc_122,33.8656198,35.5626203,4,2,105.2528598
1295,-108,3,868100000,-108,128,loc_122,33.8656198,35.5626203,4,2,105.2528598
1296,-115,0.2,868100000,-115,135,loc_122,33.8656198,35.5626203,4,2,105.2528598
1297,-100,7.2,868300000,-100,120,loc_123,33.8657082,35.5626593,4,2,101.9105024
1298,-99,9.8,868300000,-99,119,loc_123,33.8657082,35.5626593,4,2,101.9105024
1299,-103,8.5,868300000,-103,123,loc_123,33.8657082,35.5626593,4,2,101.9105024
1300,-103,7,868100000,-103,123,loc_123,33.8657082,35.5626593,4,2,101.9105024
1301,-105,5,868300000,-105,125,loc_123,33.8657082,35.5626593,4,2,101.9105024
1302,-99,10,868300000,-99,119,loc_123,33.8657082,35.5626593,4,2,101.9105024
1303,-99,8,868500000,-99,119,loc_123,33.8657082,35.5626593,4,2,101.9105024
1304,-99,7.2,868500000,-99,119,loc_123,33.8657082,35.5626593,4,2,101.9105024
1305,-101,9.5,868100000,-101,121,loc_123,33.8657082,35.5626593,4,2,101.9105024
1306,-103,9.5,868300000,-103,123,loc_123,33.8657082,35.5626593,4,2,101.9105024
1307,-100,8.2,868500000,-100,120,loc_123,33.8657082,35.5626593,4,2,101.9105024
1308,-97,8.2,868100000,-97,117,loc_123,33.8657082,35.5626593,4,2,101.9105024
1309,-103,8.5,868300000,-103,123,loc_123,33.8657082,35.5626593,4,2,101.9105024
1310,-102,7,868500000,-102,122,loc_123,33.8657082,35.5626593,4,2,101.9105024
1311,-99,9.2,868100000,-99,119,loc_123,33.8657082,35.5626593,4,2,101.9105024
1312,-98,6.5,868300000,-98,118,loc_123,33.8657082,35.5626593,4,2,101.9105024
1313,-99,5.8,868300000,-99,119,loc_123,33.8657082,35.5626593,4,2,101.9105024
1314,-99,9.2,868100000,-99,119,loc_123,33.8657082,35.5626593,4,2,101.9105024
1315,-98,7,868500000,-98,118,loc_123,33.8657082,35.5626593,4,2,101.9105024
1316,-99,9.5,868100000,-99,119,loc_123,33.8657082,35.5626593,4,2,101.9105024
